id,first_name,last_name,email,gender,ip_address
1,Carl,Reynolds,creynolds0@mysql.com,Male,161.224.243.255
2,George,Gonzales,ggonzales1@army.mil,Male,20.219.146.47
3,Teresa,Berry,tberry2@hp.com,Female,200.106.126.242
4,Frank,Harper,fharper3@a8.net,Male,177.234.238.124
5,Lois,Schmidt,lschmidt4@aol.com,Female,2.246.136.232
6,Patricia,Meyer,pmeyer5@facebook.com,Female,40.171.14.105
7,Edward,Howard,ehoward6@phoca.cz,Male,172.42.6.46
8,Kenneth,Ross,kross7@howstuffworks.com,Male,140.118.110.76
9,Jonathan,Robertson,jrobertson8@goodreads.com,Male,120.152.147.9
10,Billy,Oliver,boliver9@upenn.edu,Male,54.128.65.234
11,Clarence,Garcia,cgarciaa@omniture.com,Male,141.58.202.253
12,Roger,Allen,rallenb@spiegel.de,Male,22.4.57.4
13,Maria,Williams,mwilliamsc@jugem.jp,Female,138.68.83.126
14,Judith,Ross,jrossd@wired.com,Female,119.80.177.213
15,Maria,Bailey,mbaileye@ehow.com,Female,199.40.231.216
16,Doris,Allen,dallenf@theguardian.com,Female,213.129.94.54
17,Heather,Scott,hscottg@yellowpages.com,Female,143.239.208.188
18,Evelyn,Owens,eowensh@yahoo.co.jp,Female,18.120.203.134
19,Barbara,James,bjamesi@eventbrite.com,Female,115.187.23.193
20,Cheryl,Martinez,cmartinezj@pinterest.com,Female,31.96.95.174
21,Eugene,Harvey,eharveyk@tiny.cc,Male,247.241.207.0
22,William,Hall,whalll@state.gov,Male,219.208.132.222
23,Timothy,Davis,tdavism@phoca.cz,Male,56.184.202.108
24,Benjamin,Spencer,bspencern@dot.gov,Male,148.207.56.233
25,Angela,Palmer,apalmero@bluehost.com,Female,209.65.109.241
26,Andrew,Sanchez,asanchezp@hibu.com,Male,131.102.9.73
27,Angela,Vasquez,avasquezq@wordpress.com,Female,227.73.56.118
28,Douglas,Snyder,dsnyderr@dailymail.co.uk,Male,22.74.210.246
29,Tammy,Robinson,trobinsons@gravatar.com,Female,225.69.207.106
30,Betty,Hill,bhillt@ox.ac.uk,Female,18.18.18.6
31,Steve,Hudson,shudsonu@mit.edu,Male,91.8.252.140
32,Phyllis,Freeman,pfreemanv@google.it,Female,133.182.57.231
33,Walter,Carroll,wcarrollw@mtv.com,Male,62.107.232.189
34,Carlos,Stevens,cstevensx@xrea.com,Male,60.191.37.60
35,Robin,Cunningham,rcunninghamy@shinystat.com,Female,215.7.129.79
36,Cheryl,Spencer,cspencerz@oaic.gov.au,Female,190.98.148.56
37,Joseph,Cooper,jcooper10@theglobeandmail.com,Male,212.111.168.5
38,Mildred,Kim,mkim11@timesonline.co.uk,Female,15.12.47.134
39,Virginia,Washington,vwashington12@reuters.com,Female,166.29.84.5
40,Sharon,Foster,sfoster13@army.mil,Female,54.228.172.23
41,Doris,Hunt,dhunt14@goo.gl,Female,32.216.48.1
42,Joyce,Henderson,jhenderson15@hc360.com,Female,87.108.209.151
43,Brandon,Long,blong16@friendfeed.com,Male,135.143.85.10
44,Gerald,Warren,gwarren17@salon.com,Male,154.187.53.52
45,Theresa,Bryant,tbryant18@e-recht24.de,Female,172.205.239.190
46,Stephen,Hamilton,shamilton19@mapy.cz,Male,233.69.200.91
47,Kimberly,Gonzales,kgonzales1a@boston.com,Female,38.45.131.133
48,Todd,Bennett,tbennett1b@networksolutions.com,Male,190.182.29.64
49,Brenda,Ward,bward1c@businesswire.com,Female,93.242.114.249
50,Kenneth,Robinson,krobinson1d@pen.io,Male,34.16.88.92
51,Andrea,Webb,awebb1e@nsw.gov.au,Female,129.231.154.22
52,Sara,Burke,sburke1f@behance.net,Female,15.36.195.135
53,Ashley,Reid,areid1g@ibm.com,Female,15.217.166.105
54,Justin,Palmer,jpalmer1h@toplist.cz,Male,48.143.144.101
55,Ronald,Morales,rmorales1i@soup.io,Male,37.154.202.204
56,Peter,Greene,pgreene1j@ehow.com,Male,106.92.14.182
57,Julia,Lawrence,jlawrence1k@jimdo.com,Female,131.86.123.111
58,Kevin,Garrett,kgarrett1l@twitpic.com,Male,128.81.104.217
59,Tina,Morrison,tmorrison1m@msn.com,Female,235.207.13.26
60,Jack,Hamilton,jhamilton1n@businessinsider.com,Male,159.55.137.78
61,Jack,Holmes,jholmes1o@cornell.edu,Male,185.149.126.150
62,Susan,Carroll,scarroll1p@ovh.net,Female,171.40.93.91
63,Kimberly,Anderson,kanderson1q@answers.com,Female,84.48.77.154
64,Nancy,Arnold,narnold1r@sourceforge.net,Female,95.66.252.19
65,Martin,Peterson,mpeterson1s@loc.gov,Male,156.196.128.219
66,Nicole,Banks,nbanks1t@earthlink.net,Female,214.244.8.136
67,Nancy,Torres,ntorres1u@tiny.cc,Female,91.166.21.89
68,Kelly,Brown,kbrown1v@jigsy.com,Female,138.96.228.128
69,Brian,Burns,bburns1w@cnbc.com,Male,40.78.124.42
70,Lillian,Carr,lcarr1x@sciencedirect.com,Female,85.41.193.212
71,Andrew,Wells,awells1y@booking.com,Male,242.190.221.23
72,Catherine,Frazier,cfrazier1z@cmu.edu,Female,224.240.206.61
73,Cynthia,Shaw,cshaw20@google.de,Female,49.116.1.85
74,Roger,Cunningham,rcunningham21@blogger.com,Male,102.187.88.247
75,Charles,Daniels,cdaniels22@soup.io,Male,212.119.83.239
76,Karen,Hall,khall23@prnewswire.com,Female,140.125.201.180
77,Dorothy,Miller,dmiller24@timesonline.co.uk,Female,228.182.58.247
78,Norma,Washington,nwashington25@slashdot.org,Female,96.19.222.109
79,Rachel,Davis,rdavis26@vinaora.com,Female,157.61.179.75
80,Chris,George,cgeorge27@google.com.au,Male,49.101.212.246
81,Gary,Hamilton,ghamilton28@china.com.cn,Male,130.187.201.196
82,Chris,Ruiz,cruiz29@phpbb.com,Male,176.104.242.245
83,Louise,Snyder,lsnyder2a@newsvine.com,Female,161.112.72.220
84,Harold,Arnold,harnold2b@dailymotion.com,Male,136.255.228.159
85,Gary,Gomez,ggomez2c@theatlantic.com,Male,220.129.165.230
86,Mildred,Morales,mmorales2d@liveinternet.ru,Female,104.215.92.247
87,Kevin,Smith,ksmith2e@chron.com,Male,247.23.73.105
88,Anne,Pierce,apierce2f@mysql.com,Female,196.20.125.0
89,Amanda,Fields,afields2g@ox.ac.uk,Female,31.107.139.136
90,Maria,James,mjames2h@chicagotribune.com,Female,5.179.141.148
91,Emily,Myers,emyers2i@barnesandnoble.com,Female,150.172.158.82
92,Alan,Hudson,ahudson2j@ft.com,Male,70.64.96.222
93,Anna,Reynolds,areynolds2k@epa.gov,Female,79.132.246.97
94,Brandon,Harris,bharris2l@over-blog.com,Male,148.103.147.177
95,Emily,Rodriguez,erodriguez2m@vkontakte.ru,Female,6.222.93.238
96,Donald,Williamson,dwilliamson2n@pbs.org,Male,227.120.224.144
97,Daniel,Scott,dscott2o@usnews.com,Male,118.215.209.176
98,Carlos,Stewart,cstewart2p@blogger.com,Male,218.139.61.95
99,Betty,Cox,bcox2q@arstechnica.com,Female,57.86.168.15
100,Sara,Jordan,sjordan2r@rambler.ru,Female,87.131.126.145
101,Fred,Reyes,freyes2s@hp.com,Male,73.145.110.198
102,Arthur,Mills,amills2t@soup.io,Male,209.23.219.105
103,Daniel,Powell,dpowell2u@dedecms.com,Male,99.108.113.253
104,Mildred,Thompson,mthompson2v@huffingtonpost.com,Female,237.70.201.99
105,Keith,Rose,krose2w@scientificamerican.com,Male,173.32.137.104
106,Patrick,Matthews,pmatthews2x@paginegialle.it,Male,246.120.246.172
107,Keith,Willis,kwillis2y@google.fr,Male,130.102.188.171
108,Stephanie,Ferguson,sferguson2z@freewebs.com,Female,233.49.30.26
109,Christina,Hall,chall30@blinklist.com,Female,4.194.85.51
110,Stephanie,Chavez,schavez31@oracle.com,Female,124.151.180.184
111,Andrea,Barnes,abarnes32@usda.gov,Female,157.197.157.1
112,Patricia,Henry,phenry33@google.com.br,Female,1.81.201.192
113,Sean,Peters,speters34@mysql.com,Male,197.229.171.9
114,Philip,Reid,preid35@about.me,Male,163.104.137.248
115,Dennis,Bishop,dbishop36@cafepress.com,Male,15.48.35.1
116,Joan,Hughes,jhughes37@t-online.de,Female,96.72.246.145
117,Diane,Burns,dburns38@gmpg.org,Female,201.170.86.73
118,Thomas,Adams,tadams39@telegraph.co.uk,Male,17.62.70.110
119,Donna,Alexander,dalexander3a@freewebs.com,Female,56.92.74.145
120,Anthony,Howard,ahoward3b@ucsd.edu,Male,234.13.214.92
121,Bonnie,Kennedy,bkennedy3c@tamu.edu,Female,99.200.186.6
122,Anthony,Fuller,afuller3d@stumbleupon.com,Male,169.80.186.241
123,Lawrence,Cook,lcook3e@uiuc.edu,Male,162.122.69.188
124,Joseph,Garza,jgarza3f@apple.com,Male,246.121.206.67
125,Brenda,Harris,bharris3g@mozilla.com,Female,111.73.241.46
126,Steven,Ellis,sellis3h@icio.us,Male,202.184.208.222
127,Alice,Foster,afoster3i@eventbrite.com,Female,197.71.187.122
128,Beverly,Daniels,bdaniels3j@japanpost.jp,Female,131.59.155.124
129,Karen,Hernandez,khernandez3k@exblog.jp,Female,193.130.131.237
130,Angela,Woods,awoods3l@shinystat.com,Female,106.59.172.43
131,Barbara,Kim,bkim3m@google.it,Female,191.9.39.29
132,Victor,Dean,vdean3n@senate.gov,Male,90.40.198.61
133,Martin,Hall,mhall3o@reverbnation.com,Male,38.213.106.103
134,Gloria,Ford,gford3p@google.it,Female,199.214.10.80
135,Gerald,Cook,gcook3q@yale.edu,Male,174.74.192.201
136,Jane,Harris,jharris3r@networkadvertising.org,Female,79.152.103.3
137,Philip,Rice,price3s@marriott.com,Male,185.133.141.157
138,Chris,Matthews,cmatthews3t@github.io,Male,85.124.175.62
139,Benjamin,Arnold,barnold3u@yelp.com,Male,60.122.137.238
140,Wayne,Collins,wcollins3v@cpanel.net,Male,194.111.35.155
141,Steve,Welch,swelch3w@posterous.com,Male,148.224.79.140
142,Arthur,Richards,arichards3x@cnet.com,Male,239.117.12.3
143,Judith,Stephens,jstephens3y@github.io,Female,106.247.108.227
144,Peter,Peterson,ppeterson3z@w3.org,Male,219.160.14.75
145,Cheryl,Patterson,cpatterson40@examiner.com,Female,216.196.180.245
146,Ryan,Alvarez,ralvarez41@time.com,Male,24.21.206.162
147,Andrew,Gilbert,agilbert42@nyu.edu,Male,73.28.213.255
148,Howard,Stevens,hstevens43@pbs.org,Male,86.79.230.169
149,Judy,Miller,jmiller44@prweb.com,Female,136.95.130.237
150,Bobby,Ortiz,bortiz45@latimes.com,Male,226.41.246.164
151,Emily,Watkins,ewatkins46@nps.gov,Female,148.242.212.237
152,Kevin,Peters,kpeters47@go.com,Male,153.26.249.74
153,Johnny,Alexander,jalexander48@biblegateway.com,Male,183.67.198.248
154,Helen,Burns,hburns49@go.com,Female,133.121.71.237
155,Jose,Perry,jperry4a@unesco.org,Male,22.205.120.201
156,Annie,Williamson,awilliamson4b@cnbc.com,Female,160.86.129.188
157,Helen,Harrison,hharrison4c@icio.us,Female,57.155.24.118
158,Fred,Coleman,fcoleman4d@example.com,Male,189.133.64.30
159,Ronald,Woods,rwoods4e@timesonline.co.uk,Male,93.74.177.40
160,Margaret,Taylor,mtaylor4f@facebook.com,Female,86.29.181.187
161,Matthew,Hughes,mhughes4g@bluehost.com,Male,218.116.143.163
162,Russell,Henderson,rhenderson4h@weather.com,Male,91.3.111.21
163,Karen,Garcia,kgarcia4i@elegantthemes.com,Female,250.220.247.71
164,Mildred,Hart,mhart4j@businessweek.com,Female,86.230.248.82
165,Sharon,Franklin,sfranklin4k@tmall.com,Female,75.61.154.189
166,Rose,Bailey,rbailey4l@about.com,Female,129.137.51.161
167,Harold,Mason,hmason4m@furl.net,Male,216.210.32.36
168,Dorothy,Watson,dwatson4n@utexas.edu,Female,178.55.146.63
169,Mark,Barnes,mbarnes4o@shutterfly.com,Male,208.144.42.187
170,Ruth,Green,rgreen4p@ifeng.com,Female,184.179.35.115
171,Gloria,Coleman,gcoleman4q@google.ca,Female,57.162.213.4
172,Jesse,Simmons,jsimmons4r@cnn.com,Male,96.182.159.169
173,Mary,Warren,mwarren4s@timesonline.co.uk,Female,148.45.238.85
174,Lori,Parker,lparker4t@github.io,Female,104.94.128.87
175,Janice,Green,jgreen4u@comsenz.com,Female,17.126.231.193
176,Larry,Adams,ladams4v@harvard.edu,Male,10.68.155.17
177,Carolyn,Taylor,ctaylor4w@elegantthemes.com,Female,133.59.111.114
178,Laura,Morrison,lmorrison4x@amazon.com,Female,54.67.200.223
179,Cheryl,Daniels,cdaniels4y@latimes.com,Female,161.180.63.120
180,Denise,Jenkins,djenkins4z@hugedomains.com,Female,220.5.110.166
181,Melissa,Reynolds,mreynolds50@un.org,Female,162.243.56.63
182,Kathy,Mcdonald,kmcdonald51@tumblr.com,Female,80.87.201.134
183,Larry,Fisher,lfisher52@blogtalkradio.com,Male,28.210.147.164
184,Aaron,Thomas,athomas53@1688.com,Male,75.21.247.12
185,Stephanie,Ray,sray54@google.fr,Female,179.214.12.119
186,Marie,Johnson,mjohnson55@auda.org.au,Female,56.215.241.74
187,Victor,Turner,vturner56@psu.edu,Male,177.10.20.174
188,Marilyn,Ryan,mryan57@buzzfeed.com,Female,38.156.208.35
189,Irene,Gray,igray58@umn.edu,Female,92.231.121.84
190,Christina,Allen,callen59@google.ru,Female,184.233.251.241
191,Albert,Davis,adavis5a@goo.gl,Male,22.119.193.128
192,Michael,Burke,mburke5b@icio.us,Male,227.187.35.117
193,Paul,Frazier,pfrazier5c@technorati.com,Male,224.214.250.10
194,Susan,Boyd,sboyd5d@purevolume.com,Female,134.31.63.2
195,Paul,Howard,phoward5e@shop-pro.jp,Male,34.61.55.186
196,Doris,Barnes,dbarnes5f@cargocollective.com,Female,166.153.195.225
197,Craig,Dean,cdean5g@toplist.cz,Male,105.153.7.43
198,Katherine,Perez,kperez5h@dropbox.com,Female,156.76.117.204
199,Jason,Long,jlong5i@goodreads.com,Male,161.155.168.159
200,Randy,Roberts,rroberts5j@ox.ac.uk,Male,255.225.70.198
201,Howard,West,hwest5k@mayoclinic.com,Male,21.22.191.97
202,Roy,Payne,rpayne5l@mtv.com,Male,24.144.55.162
203,Mary,Kennedy,mkennedy5m@unc.edu,Female,49.35.81.109
204,Philip,Gonzalez,pgonzalez5n@rambler.ru,Male,125.113.2.128
205,Julia,Griffin,jgriffin5o@java.com,Female,72.45.171.248
206,Randy,Parker,rparker5p@smugmug.com,Male,113.191.250.193
207,Anne,Banks,abanks5q@google.es,Female,74.46.202.234
208,Jacqueline,Fernandez,jfernandez5r@discuz.net,Female,114.162.190.188
209,Jason,Mcdonald,jmcdonald5s@reddit.com,Male,235.53.184.165
210,Teresa,Snyder,tsnyder5t@t.co,Female,189.215.232.131
211,Jennifer,Fuller,jfuller5u@rediff.com,Female,182.1.229.44
212,Victor,Roberts,vroberts5v@youku.com,Male,230.211.240.178
213,Kelly,Alexander,kalexander5w@simplemachines.org,Female,164.189.117.49
214,Phyllis,White,pwhite5x@sfgate.com,Female,138.47.154.233
215,Marilyn,Anderson,manderson5y@opensource.org,Female,126.143.171.6
216,Christine,Bishop,cbishop5z@uol.com.br,Female,75.100.37.215
217,Dorothy,Young,dyoung60@ucoz.com,Female,140.159.94.101
218,Martha,Morrison,mmorrison61@nytimes.com,Female,143.131.30.141
219,Jacqueline,Ford,jford62@mashable.com,Female,58.57.70.234
220,Denise,Warren,dwarren63@redcross.org,Female,3.5.103.131
221,Donna,Carter,dcarter64@globo.com,Female,190.161.103.224
222,Randy,Jackson,rjackson65@ebay.co.uk,Male,55.180.192.190
223,Nancy,Palmer,npalmer66@newyorker.com,Female,51.205.30.105
224,Kevin,Knight,kknight67@illinois.edu,Male,118.143.45.225
225,Stephanie,Brooks,sbrooks68@netscape.com,Female,174.62.189.7
226,James,Reed,jreed69@wsj.com,Male,237.137.27.183
227,Gloria,Vasquez,gvasquez6a@unc.edu,Female,11.12.155.68
228,Kevin,Hicks,khicks6b@yelp.com,Male,78.101.191.251
229,Ralph,Banks,rbanks6c@eepurl.com,Male,161.117.133.189
230,Ryan,Gray,rgray6d@gnu.org,Male,135.59.179.167
231,Daniel,Robertson,drobertson6e@go.com,Male,150.164.136.12
232,Carl,Cruz,ccruz6f@51.la,Male,181.226.83.38
233,Louis,Smith,lsmith6g@scribd.com,Male,160.245.54.58
234,Kathryn,Robinson,krobinson6h@cpanel.net,Female,255.140.130.66
235,Keith,Duncan,kduncan6i@nih.gov,Male,156.123.191.246
236,James,Oliver,joliver6j@canalblog.com,Male,129.147.202.44
237,Sandra,Allen,sallen6k@tripadvisor.com,Female,220.95.210.36
238,Kimberly,Brown,kbrown6l@paginegialle.it,Female,44.251.2.237
239,Henry,Kelley,hkelley6m@adobe.com,Male,40.109.72.195
240,Ruth,Price,rprice6n@netvibes.com,Female,90.26.134.234
241,Larry,Mcdonald,lmcdonald6o@bbc.co.uk,Male,243.79.159.253
242,Ryan,Henry,rhenry6p@timesonline.co.uk,Male,83.37.237.215
243,Julia,Welch,jwelch6q@delicious.com,Female,37.68.233.172
244,Aaron,Armstrong,aarmstrong6r@seesaa.net,Male,166.118.254.129
245,Phillip,Knight,pknight6s@drupal.org,Male,69.87.147.204
246,Andrea,Marshall,amarshall6t@vimeo.com,Female,60.10.168.167
247,Shirley,Hawkins,shawkins6u@trellian.com,Female,44.37.143.1
248,Philip,Garza,pgarza6v@newsvine.com,Male,46.203.48.86
249,John,Weaver,jweaver6w@google.fr,Male,75.163.55.59
250,Brenda,Payne,bpayne6x@state.tx.us,Female,166.11.212.200
251,Gregory,Hawkins,ghawkins6y@comcast.net,Male,184.58.70.25
252,Margaret,Spencer,mspencer6z@tinyurl.com,Female,100.205.51.188
253,Laura,Ross,lross70@symantec.com,Female,2.235.195.92
254,Sean,Morales,smorales71@harvard.edu,Male,53.50.145.217
255,Michelle,Jacobs,mjacobs72@nymag.com,Female,162.83.186.86
256,Cynthia,Peterson,cpeterson73@auda.org.au,Female,162.108.25.164
257,Thomas,Morris,tmorris74@dot.gov,Male,70.127.115.134
258,Evelyn,Garrett,egarrett75@barnesandnoble.com,Female,231.249.254.193
259,Kathy,Hall,khall76@lulu.com,Female,174.173.10.213
260,Roy,Parker,rparker77@cbc.ca,Male,184.144.146.182
261,Donald,Griffin,dgriffin78@columbia.edu,Male,91.58.146.39
262,Cynthia,Henderson,chenderson79@spotify.com,Female,188.140.48.22
263,Sean,Reyes,sreyes7a@toplist.cz,Male,88.178.29.128
264,Russell,King,rking7b@house.gov,Male,78.64.62.119
265,Cynthia,Frazier,cfrazier7c@angelfire.com,Female,191.96.32.235
266,Andrea,Cunningham,acunningham7d@dot.gov,Female,199.10.34.185
267,Betty,Simpson,bsimpson7e@ucsd.edu,Female,39.203.131.87
268,Paul,Sullivan,psullivan7f@discovery.com,Male,159.87.135.8
269,Jeremy,Bryant,jbryant7g@digg.com,Male,210.194.173.77
270,Walter,Kennedy,wkennedy7h@utexas.edu,Male,7.11.48.68
271,Carlos,Sullivan,csullivan7i@seattletimes.com,Male,179.178.157.144
272,Sharon,Cooper,scooper7j@webnode.com,Female,65.195.119.126
273,Michelle,Ruiz,mruiz7k@marketwatch.com,Female,210.119.250.236
274,Chris,Ramos,cramos7l@google.com.au,Male,17.129.226.237
275,Susan,Harrison,sharrison7m@prlog.org,Female,13.121.93.28
276,Nicole,Robinson,nrobinson7n@hc360.com,Female,182.37.19.79
277,Louis,Wagner,lwagner7o@shutterfly.com,Male,254.90.172.15
278,Timothy,Larson,tlarson7p@shinystat.com,Male,192.57.140.195
279,Theresa,Stephens,tstephens7q@bravesites.com,Female,51.142.139.6
280,Theresa,Jordan,tjordan7r@joomla.org,Female,20.203.117.143
281,Linda,Elliott,lelliott7s@upenn.edu,Female,193.89.200.38
282,Henry,Harper,hharper7t@biglobe.ne.jp,Male,215.130.238.102
283,Elizabeth,Jenkins,ejenkins7u@indiegogo.com,Female,221.174.35.161
284,Jacqueline,Matthews,jmatthews7v@pinterest.com,Female,235.169.156.170
285,Lois,Lawrence,llawrence7w@xinhuanet.com,Female,217.224.196.119
286,Donna,Hudson,dhudson7x@live.com,Female,0.102.247.185
287,Jimmy,Gonzalez,jgonzalez7y@skype.com,Male,23.75.155.10
288,Shirley,Nelson,snelson7z@seattletimes.com,Female,69.68.118.65
289,Doris,Moore,dmoore80@shutterfly.com,Female,204.213.139.133
290,Kevin,Moreno,kmoreno81@statcounter.com,Male,93.108.229.138
291,Nicole,Morgan,nmorgan82@live.com,Female,103.53.71.79
292,Timothy,Roberts,troberts83@blog.com,Male,163.38.80.58
293,Jimmy,Reed,jreed84@nydailynews.com,Male,250.188.97.12
294,Alice,Alvarez,aalvarez85@over-blog.com,Female,165.149.184.251
295,Thomas,Pierce,tpierce86@flavors.me,Male,220.207.234.159
296,Annie,Stephens,astephens87@naver.com,Female,227.138.43.49
297,Mark,Dean,mdean88@newyorker.com,Male,196.30.251.25
298,Christopher,Hart,chart89@bloomberg.com,Male,108.31.134.202
299,Sara,Riley,sriley8a@t.co,Female,255.226.172.64
300,Kenneth,Hart,khart8b@cisco.com,Male,231.187.56.216
301,Jack,Moore,jmoore8c@msn.com,Male,19.127.44.27
302,Kimberly,Wallace,kwallace8d@oaic.gov.au,Female,215.121.225.136
303,Lawrence,Peterson,lpeterson8e@google.de,Male,194.20.31.134
304,Sharon,Graham,sgraham8f@state.gov,Female,9.18.22.79
305,Carolyn,Stone,cstone8g@icio.us,Female,100.208.251.53
306,Phillip,Harris,pharris8h@salon.com,Male,48.44.92.58
307,Marie,Rice,mrice8i@boston.com,Female,172.112.201.148
308,Doris,Wallace,dwallace8j@bbc.co.uk,Female,85.30.213.153
309,Maria,Robertson,mrobertson8k@desdev.cn,Female,139.186.21.31
310,Chris,Gomez,cgomez8l@mac.com,Male,55.16.160.160
311,George,Wallace,gwallace8m@telegraph.co.uk,Male,232.94.19.27
312,Tina,Stanley,tstanley8n@mapquest.com,Female,111.167.29.96
313,Irene,Thompson,ithompson8o@wunderground.com,Female,69.32.197.27
314,Louise,Johnston,ljohnston8p@elegantthemes.com,Female,154.206.176.121
315,Stephanie,Hansen,shansen8q@tumblr.com,Female,233.71.238.90
316,Raymond,Williamson,rwilliamson8r@sbwire.com,Male,52.215.111.239
317,Patricia,Collins,pcollins8s@newsvine.com,Female,57.253.132.200
318,Billy,Ellis,bellis8t@cisco.com,Male,107.91.164.112
319,Albert,Reed,areed8u@salon.com,Male,56.89.37.233
320,Michelle,Warren,mwarren8v@ebay.co.uk,Female,224.84.109.1
321,Kathleen,Myers,kmyers8w@skyrock.com,Female,46.20.71.205
322,Lori,Davis,ldavis8x@nsw.gov.au,Female,157.145.20.9
323,Howard,Stanley,hstanley8y@themeforest.net,Male,224.20.101.0
324,Raymond,Martinez,rmartinez8z@fda.gov,Male,222.65.150.68
325,Todd,Alexander,talexander90@arstechnica.com,Male,36.185.199.129
326,Donna,Mills,dmills91@slideshare.net,Female,198.20.151.241
327,Lori,Harrison,lharrison92@rakuten.co.jp,Female,218.73.152.97
328,Samuel,Sullivan,ssullivan93@multiply.com,Male,188.121.48.143
329,Randy,Holmes,rholmes94@utexas.edu,Male,193.14.215.251
330,Angela,Hughes,ahughes95@example.com,Female,250.184.67.15
331,Adam,Russell,arussell96@cbsnews.com,Male,15.123.99.32
332,Dennis,Mills,dmills97@gizmodo.com,Male,78.105.191.39
333,Patrick,Hayes,phayes98@163.com,Male,0.219.125.245
334,Larry,Watson,lwatson99@usgs.gov,Male,23.82.120.165
335,Sandra,Dixon,sdixon9a@hostgator.com,Female,61.178.69.107
336,Kathy,Long,klong9b@cnbc.com,Female,129.63.186.173
337,Ruth,Ellis,rellis9c@globo.com,Female,255.22.172.149
338,Albert,Kennedy,akennedy9d@reddit.com,Male,203.30.235.224
339,Tammy,Martin,tmartin9e@europa.eu,Female,7.197.8.75
340,Patricia,Snyder,psnyder9f@delicious.com,Female,52.18.95.35
341,Benjamin,Ryan,bryan9g@bizjournals.com,Male,241.191.233.203
342,Jessica,Evans,jevans9h@unblog.fr,Female,49.225.230.157
343,Susan,Anderson,sanderson9i@networksolutions.com,Female,90.80.31.176
344,Anthony,Rice,arice9j@usa.gov,Male,7.92.58.42
345,Keith,Harvey,kharvey9k@nps.gov,Male,60.254.10.99
346,Chris,Knight,cknight9l@princeton.edu,Male,188.186.83.102
347,Maria,Gilbert,mgilbert9m@tinypic.com,Female,171.133.143.106
348,Carl,Gordon,cgordon9n@washington.edu,Male,2.242.108.168
349,Ronald,Reyes,rreyes9o@elpais.com,Male,138.119.233.141
350,George,Rice,grice9p@indiegogo.com,Male,97.90.169.72
351,Craig,Dunn,cdunn9q@slate.com,Male,31.126.120.202
352,Linda,Gutierrez,lgutierrez9r@list-manage.com,Female,205.125.48.93
353,Marie,Hawkins,mhawkins9s@indiegogo.com,Female,167.180.217.111
354,Tammy,Jenkins,tjenkins9t@imageshack.us,Female,151.227.49.78
355,Diana,Carpenter,dcarpenter9u@tinyurl.com,Female,97.104.30.116
356,Judith,Morris,jmorris9v@com.com,Female,183.147.74.49
357,Theresa,Hunt,thunt9w@house.gov,Female,26.131.63.132
358,Mark,Sanders,msanders9x@cargocollective.com,Male,186.196.62.184
359,Mary,Jones,mjones9y@adobe.com,Female,62.245.180.87
360,Tina,Pierce,tpierce9z@cloudflare.com,Female,127.152.214.156
361,Doris,King,dkinga0@vimeo.com,Female,228.35.36.235
362,Samuel,Grant,sgranta1@apple.com,Male,15.218.155.214
363,Teresa,Harris,tharrisa2@cargocollective.com,Female,5.142.2.190
364,Karen,Dixon,kdixona3@princeton.edu,Female,106.76.174.202
365,Gregory,Washington,gwashingtona4@facebook.com,Male,147.217.82.199
366,Steve,Howard,showarda5@shinystat.com,Male,125.128.229.174
367,Cynthia,Medina,cmedinaa6@europa.eu,Female,104.32.236.227
368,Steven,Snyder,ssnydera7@dot.gov,Male,182.200.73.139
369,Larry,Perkins,lperkinsa8@admin.ch,Male,8.70.103.165
370,Judy,Gomez,jgomeza9@blogs.com,Female,200.212.224.57
371,Catherine,Romero,cromeroaa@studiopress.com,Female,220.53.19.74
372,Randy,Alvarez,ralvarezab@php.net,Male,246.94.24.192
373,Donna,Hill,dhillac@businesswire.com,Female,118.11.56.163
374,Angela,Patterson,apattersonad@thetimes.co.uk,Female,143.29.186.157
375,David,Alvarez,dalvarezae@china.com.cn,Male,246.19.25.66
376,Cheryl,Alvarez,calvarezaf@storify.com,Female,32.121.237.135
377,Maria,Dixon,mdixonag@ebay.co.uk,Female,160.142.243.25
378,Anne,Myers,amyersah@issuu.com,Female,40.39.72.58
379,Willie,Cox,wcoxai@nba.com,Male,183.108.33.220
380,Dorothy,Nguyen,dnguyenaj@webs.com,Female,72.177.105.92
381,Douglas,Ortiz,dortizak@nydailynews.com,Male,245.86.190.121
382,Nicholas,Black,nblackal@google.de,Male,66.154.251.12
383,Lori,Reid,lreidam@phpbb.com,Female,186.181.37.130
384,Kenneth,Nelson,knelsonan@pcworld.com,Male,80.168.154.65
385,Phillip,Harrison,pharrisonao@nytimes.com,Male,124.180.129.168
386,Brian,Jenkins,bjenkinsap@google.it,Male,73.209.170.79
387,Paula,Hall,phallaq@nps.gov,Female,125.175.13.65
388,Russell,Jenkins,rjenkinsar@sohu.com,Male,137.164.204.86
389,Harold,Washington,hwashingtonas@mtv.com,Male,129.113.50.64
390,Joshua,Hart,jhartat@so-net.ne.jp,Male,235.242.73.124
391,Scott,Bryant,sbryantau@slate.com,Male,187.130.166.4
392,Victor,Mills,vmillsav@foxnews.com,Male,7.19.24.185
393,Todd,Miller,tmilleraw@fotki.com,Male,19.9.129.125
394,Victor,White,vwhiteax@spiegel.de,Male,157.244.93.120
395,Chris,Harvey,charveyay@gov.uk,Male,223.215.66.123
396,Matthew,Gomez,mgomezaz@virginia.edu,Male,240.88.137.116
397,Aaron,Sanchez,asanchezb0@slate.com,Male,18.8.7.158
398,Ruby,Lawson,rlawsonb1@dagondesign.com,Female,46.70.209.104
399,Ruth,Weaver,rweaverb2@washington.edu,Female,219.129.26.112
400,Margaret,Richards,mrichardsb3@ftc.gov,Female,51.209.247.78
401,Arthur,Jenkins,ajenkinsb4@howstuffworks.com,Male,60.167.105.35
402,Larry,Fields,lfieldsb5@unesco.org,Male,129.147.46.29
403,Patrick,Walker,pwalkerb6@xrea.com,Male,244.9.79.24
404,Eugene,Nichols,enicholsb7@cargocollective.com,Male,88.214.133.35
405,Lillian,Andrews,landrewsb8@unblog.fr,Female,32.90.47.175
406,Phyllis,West,pwestb9@craigslist.org,Female,245.217.220.12
407,Carolyn,Sanchez,csanchezba@newsvine.com,Female,198.179.138.16
408,Patricia,Simmons,psimmonsbb@patch.com,Female,91.180.45.117
409,Joyce,Wells,jwellsbc@xinhuanet.com,Female,58.35.141.73
410,Terry,Garrett,tgarrettbd@oakley.com,Male,220.51.127.154
411,Benjamin,Mcdonald,bmcdonaldbe@wufoo.com,Male,77.166.12.28
412,Nicholas,Porter,nporterbf@dropbox.com,Male,48.168.21.4
413,Sharon,Diaz,sdiazbg@networkadvertising.org,Female,108.107.139.156
414,Annie,Perry,aperrybh@pen.io,Female,212.201.163.252
415,Christine,Graham,cgrahambi@ezinearticles.com,Female,127.129.60.147
416,Linda,Fox,lfoxbj@cbsnews.com,Female,114.184.123.130
417,Phillip,Bennett,pbennettbk@ucoz.ru,Male,90.111.96.171
418,Gregory,Gonzales,ggonzalesbl@free.fr,Male,86.136.16.9
419,Kevin,Mills,kmillsbm@noaa.gov,Male,89.47.43.111
420,Teresa,Weaver,tweaverbn@deviantart.com,Female,168.242.239.84
421,Susan,Daniels,sdanielsbo@biglobe.ne.jp,Female,2.157.139.96
422,Billy,Robinson,brobinsonbp@weebly.com,Male,39.168.44.174
423,Evelyn,Day,edaybq@g.co,Female,140.198.120.105
424,Marilyn,Berry,mberrybr@skyrock.com,Female,187.52.132.172
425,Bruce,Adams,badamsbs@eventbrite.com,Male,37.246.251.149
426,Gary,Murphy,gmurphybt@sbwire.com,Male,229.53.172.191
427,Gerald,Griffin,ggriffinbu@bluehost.com,Male,225.78.66.136
428,Linda,Harvey,lharveybv@nps.gov,Female,200.148.87.133
429,Timothy,Perez,tperezbw@unicef.org,Male,192.122.126.85
430,Brenda,Torres,btorresbx@opera.com,Female,99.157.160.191
431,Roger,Welch,rwelchby@fotki.com,Male,73.208.154.114
432,Alan,Reid,areidbz@netscape.com,Male,157.249.107.147
433,Dorothy,Nichols,dnicholsc0@google.cn,Female,237.113.187.91
434,Kathryn,Dixon,kdixonc1@opera.com,Female,255.227.157.4
435,Roger,Vasquez,rvasquezc2@odnoklassniki.ru,Male,6.222.130.161
436,Jessica,Price,jpricec3@slideshare.net,Female,53.78.173.78
437,Brenda,Olson,bolsonc4@sohu.com,Female,42.155.112.19
438,Adam,Marshall,amarshallc5@spiegel.de,Male,212.188.68.76
439,Sharon,Hart,shartc6@oaic.gov.au,Female,118.146.43.198
440,Kimberly,Knight,kknightc7@chronoengine.com,Female,205.101.139.94
441,Samuel,Ross,srossc8@webs.com,Male,120.211.176.38
442,Joan,Carpenter,jcarpenterc9@ted.com,Female,185.89.44.210
443,Joan,Boyd,jboydca@joomla.org,Female,122.113.161.61
444,Jane,Vasquez,jvasquezcb@csmonitor.com,Female,185.20.224.142
445,Sharon,Foster,sfostercc@hugedomains.com,Female,98.172.131.165
446,Amanda,Ford,afordcd@xrea.com,Female,104.167.221.126
447,Brenda,Tucker,btuckerce@un.org,Female,126.12.74.70
448,Adam,Brown,abrowncf@nifty.com,Male,173.187.26.164
449,Lois,Alexander,lalexandercg@stanford.edu,Female,32.198.34.162
450,Randy,Freeman,rfreemanch@theglobeandmail.com,Male,148.38.190.79
451,Nicholas,Parker,nparkerci@nydailynews.com,Male,184.225.219.9
452,Sarah,Myers,smyerscj@noaa.gov,Female,39.127.128.53
453,Ernest,Kim,ekimck@so-net.ne.jp,Male,86.212.176.48
454,Samuel,Clark,sclarkcl@bizjournals.com,Male,224.57.135.127
455,Louis,Long,llongcm@icio.us,Male,93.178.205.10
456,Roger,Franklin,rfranklincn@bluehost.com,Male,228.53.246.85
457,Daniel,Frazier,dfrazierco@hexun.com,Male,114.70.143.98
458,Louise,Washington,lwashingtoncp@nhs.uk,Female,20.118.189.24
459,Dorothy,James,djamescq@istockphoto.com,Female,173.131.139.90
460,Bruce,Hayes,bhayescr@skype.com,Male,35.219.27.17
461,Bonnie,Taylor,btaylorcs@bravesites.com,Female,61.177.87.12
462,Keith,Young,kyoungct@soundcloud.com,Male,147.135.44.145
463,Brandon,Mccoy,bmccoycu@usnews.com,Male,249.170.139.251
464,Annie,Foster,afostercv@wunderground.com,Female,25.194.49.51
465,Thomas,Gonzales,tgonzalescw@photobucket.com,Male,24.79.60.63
466,Joe,Sims,jsimscx@hp.com,Male,58.151.95.40
467,Matthew,Lawrence,mlawrencecy@tripod.com,Male,121.74.122.169
468,Diana,Lawrence,dlawrencecz@xrea.com,Female,5.199.227.163
469,Victor,Armstrong,varmstrongd0@gravatar.com,Male,202.226.152.102
470,Johnny,Parker,jparkerd1@yale.edu,Male,25.186.16.33
471,Anthony,Morgan,amorgand2@pen.io,Male,182.145.10.223
472,Philip,Dixon,pdixond3@friendfeed.com,Male,143.14.225.219
473,Johnny,Myers,jmyersd4@psu.edu,Male,81.95.30.255
474,Virginia,Gordon,vgordond5@cornell.edu,Female,166.195.80.140
475,Laura,Meyer,lmeyerd6@eepurl.com,Female,203.27.228.117
476,Wayne,Gordon,wgordond7@google.pl,Male,78.58.129.242
477,Rebecca,Martinez,rmartinezd8@ehow.com,Female,196.137.196.196
478,Stephen,Black,sblackd9@mail.ru,Male,170.46.104.18
479,Andrew,Fuller,afullerda@jalbum.net,Male,95.22.55.138
480,Randy,Alexander,ralexanderdb@cocolog-nifty.com,Male,215.98.221.180
481,Larry,Murray,lmurraydc@sciencedirect.com,Male,34.35.211.35
482,Matthew,Freeman,mfreemandd@netscape.com,Male,211.53.219.241
483,Rebecca,Washington,rwashingtonde@admin.ch,Female,164.35.199.82
484,Cynthia,George,cgeorgedf@forbes.com,Female,131.119.118.147
485,Cynthia,Hanson,chansondg@princeton.edu,Female,166.193.230.70
486,Joe,Green,jgreendh@networkadvertising.org,Male,25.183.149.130
487,Martin,Berry,mberrydi@youku.com,Male,99.188.53.211
488,Helen,Hudson,hhudsondj@nbcnews.com,Female,144.130.41.4
489,Terry,Lopez,tlopezdk@shareasale.com,Male,84.228.33.232
490,Kevin,King,kkingdl@toplist.cz,Male,54.188.182.121
491,Anna,Medina,amedinadm@digg.com,Female,148.121.166.144
492,Louis,Greene,lgreenedn@surveymonkey.com,Male,157.51.67.103
493,Christina,Wagner,cwagnerdo@goodreads.com,Female,134.52.135.195
494,Michael,Peterson,mpetersondp@patch.com,Male,45.134.136.250
495,Kathy,Wilson,kwilsondq@time.com,Female,102.53.133.200
496,Albert,Carroll,acarrolldr@vinaora.com,Male,55.133.150.119
497,Alice,Snyder,asnyderds@mtv.com,Female,228.62.17.89
498,Nicole,Mason,nmasondt@de.vu,Female,74.136.48.105
499,Ryan,Ward,rwarddu@jimdo.com,Male,236.60.235.119
500,Douglas,Gray,dgraydv@ucsd.edu,Male,242.147.60.71
501,Victor,Spencer,vspencerdw@mac.com,Male,233.92.108.90
502,Willie,Morales,wmoralesdx@shop-pro.jp,Male,111.178.19.28
503,Pamela,Nguyen,pnguyendy@google.es,Female,21.123.210.91
504,Raymond,Hicks,rhicksdz@wikia.com,Male,153.24.30.105
505,Walter,Ruiz,wruize0@harvard.edu,Male,254.230.41.143
506,Jessica,Gutierrez,jgutierreze1@about.me,Female,52.245.113.75
507,David,Willis,dwillise2@flavors.me,Male,138.180.162.238
508,Lawrence,Jenkins,ljenkinse3@umn.edu,Male,238.204.114.4
509,Cynthia,Larson,clarsone4@theatlantic.com,Female,197.235.32.99
510,Henry,Sanchez,hsancheze5@deviantart.com,Male,201.58.181.229
511,Cynthia,Myers,cmyerse6@pen.io,Female,226.43.20.150
512,Sara,Stevens,sstevense7@ihg.com,Female,235.237.19.205
513,Marilyn,Fowler,mfowlere8@cdbaby.com,Female,83.205.5.135
514,Aaron,Cook,acooke9@jiathis.com,Male,42.77.32.158
515,Gregory,Mccoy,gmccoyea@abc.net.au,Male,61.94.48.196
516,Doris,Willis,dwilliseb@prlog.org,Female,243.65.92.236
517,Martin,Chavez,mchavezec@canalblog.com,Male,130.173.212.177
518,Bonnie,Cunningham,bcunninghamed@cyberchimps.com,Female,6.139.71.96
519,Harold,Cooper,hcooperee@sakura.ne.jp,Male,5.129.152.182
520,David,Gordon,dgordonef@theatlantic.com,Male,226.103.148.70
521,William,Nelson,wnelsoneg@amazonaws.com,Male,68.47.59.197
522,Samuel,Greene,sgreeneeh@cocolog-nifty.com,Male,139.118.221.201
523,Jacqueline,Fuller,jfullerei@gnu.org,Female,184.7.215.12
524,Mildred,Dunn,mdunnej@instagram.com,Female,62.212.180.3
525,Bonnie,Williamson,bwilliamsonek@cyberchimps.com,Female,229.142.252.15
526,George,Torres,gtorresel@ifeng.com,Male,51.241.136.149
527,Dennis,Richards,drichardsem@wikispaces.com,Male,161.19.74.54
528,Jacqueline,Gibson,jgibsonen@whitehouse.gov,Female,157.177.28.254
529,Albert,Ross,arosseo@si.edu,Male,16.141.64.66
530,Patricia,Baker,pbakerep@parallels.com,Female,39.52.180.175
531,Earl,James,ejameseq@ifeng.com,Male,226.110.220.124
532,Wanda,Cole,wcoleer@multiply.com,Female,55.209.195.194
533,Deborah,Nelson,dnelsones@people.com.cn,Female,65.119.140.181
534,James,George,jgeorgeet@blog.com,Male,33.46.228.171
535,Albert,Sanchez,asanchezeu@mediafire.com,Male,152.188.227.53
536,Thomas,Wright,twrightev@nasa.gov,Male,30.199.206.111
537,Jerry,Sullivan,jsullivanew@loc.gov,Male,15.74.32.229
538,Angela,Jackson,ajacksonex@nytimes.com,Female,49.19.190.173
539,Martin,Stevens,mstevensey@wiley.com,Male,173.117.108.161
540,Patricia,Ellis,pellisez@scribd.com,Female,117.253.209.100
541,Kathleen,Allen,kallenf0@arstechnica.com,Female,99.158.49.213
542,Jonathan,Peterson,jpetersonf1@noaa.gov,Male,55.213.201.127
543,Juan,Wagner,jwagnerf2@china.com.cn,Male,238.229.13.185
544,Adam,Bradley,abradleyf3@hostgator.com,Male,173.32.73.222
545,Willie,Larson,wlarsonf4@pcworld.com,Male,218.69.85.250
546,Jose,Chavez,jchavezf5@independent.co.uk,Male,98.160.224.248
547,Daniel,Collins,dcollinsf6@wikimedia.org,Male,35.49.207.213
548,Donna,Cox,dcoxf7@edublogs.org,Female,87.76.233.5
549,Kimberly,Nichols,knicholsf8@t.co,Female,224.183.152.231
550,Dennis,Sanchez,dsanchezf9@nhs.uk,Male,17.18.202.183
551,Eric,Long,elongfa@blogger.com,Male,158.159.237.104
552,Ann,Gonzales,agonzalesfb@utexas.edu,Female,209.109.81.202
553,Samuel,Taylor,staylorfc@altervista.org,Male,133.146.47.43
554,Bobby,Bishop,bbishopfd@lulu.com,Male,38.206.97.27
555,Donald,Hunt,dhuntfe@yellowpages.com,Male,177.248.15.173
556,Gary,Kelley,gkelleyff@state.gov,Male,63.72.109.20
557,Eugene,Hall,ehallfg@cocolog-nifty.com,Male,161.164.83.245
558,Helen,Woods,hwoodsfh@livejournal.com,Female,32.214.34.171
559,Patricia,Dixon,pdixonfi@vistaprint.com,Female,12.215.202.60
560,Debra,Adams,dadamsfj@pbs.org,Female,200.60.89.178
561,Thomas,Medina,tmedinafk@nhs.uk,Male,37.1.225.53
562,Charles,Riley,crileyfl@cpanel.net,Male,153.62.11.28
563,Roy,Ramirez,rramirezfm@hp.com,Male,119.176.234.206
564,Matthew,Walker,mwalkerfn@ed.gov,Male,8.249.27.19
565,Norma,Murray,nmurrayfo@businesswire.com,Female,106.72.47.17
566,Henry,Hansen,hhansenfp@storify.com,Male,238.126.44.125
567,Clarence,Carpenter,ccarpenterfq@elegantthemes.com,Male,196.99.242.66
568,Alan,Snyder,asnyderfr@craigslist.org,Male,74.33.187.212
569,Kenneth,Spencer,kspencerfs@paginegialle.it,Male,94.146.118.77
570,Marie,Holmes,mholmesft@thetimes.co.uk,Female,102.190.220.137
571,Nancy,Dean,ndeanfu@blogspot.com,Female,137.200.143.57
572,Kelly,George,kgeorgefv@google.nl,Female,108.21.3.45
573,Amy,Anderson,aandersonfw@creativecommons.org,Female,255.236.142.142
574,Katherine,Elliott,kelliottfx@php.net,Female,130.155.14.85
575,Harold,Gonzales,hgonzalesfy@irs.gov,Male,117.33.109.147
576,Timothy,Fuller,tfullerfz@weibo.com,Male,83.134.237.190
577,Kenneth,Tucker,ktuckerg0@oracle.com,Male,250.3.14.253
578,Frank,Rogers,frogersg1@prnewswire.com,Male,162.90.95.11
579,Sandra,Murphy,smurphyg2@army.mil,Female,58.116.85.29
580,Charles,Black,cblackg3@theguardian.com,Male,51.174.172.27
581,Catherine,Fields,cfieldsg4@gov.uk,Female,164.103.230.43
582,Billy,West,bwestg5@bizjournals.com,Male,27.234.135.56
583,Judith,Cole,jcoleg6@senate.gov,Female,5.123.133.122
584,Angela,West,awestg7@google.ru,Female,27.195.131.33
585,Bonnie,Cook,bcookg8@joomla.org,Female,117.31.77.198
586,Wayne,Mcdonald,wmcdonaldg9@cafepress.com,Male,215.207.43.246
587,Anthony,Murphy,amurphyga@vkontakte.ru,Male,180.133.216.121
588,Martha,Armstrong,marmstronggb@woothemes.com,Female,174.29.182.0
589,Nicole,Castillo,ncastillogc@sina.com.cn,Female,37.250.73.195
590,Brian,Weaver,bweavergd@trellian.com,Male,53.170.50.214
591,Carol,Simmons,csimmonsge@guardian.co.uk,Female,119.124.182.94
592,Frank,Miller,fmillergf@wisc.edu,Male,167.201.205.127
593,Alan,Palmer,apalmergg@odnoklassniki.ru,Male,16.67.244.61
594,Stephen,Ross,srossgh@mysql.com,Male,52.66.175.175
595,Billy,Allen,ballengi@yandex.ru,Male,150.14.146.246
596,Martha,Murray,mmurraygj@admin.ch,Female,92.39.40.32
597,Rachel,Hawkins,rhawkinsgk@accuweather.com,Female,178.61.121.67
598,Scott,Schmidt,sschmidtgl@businessinsider.com,Male,39.15.214.140
599,Ashley,Wright,awrightgm@unblog.fr,Female,228.227.10.99
600,Gerald,Day,gdaygn@noaa.gov,Male,60.35.171.104
601,Justin,Ellis,jellisgo@webnode.com,Male,124.248.74.244
602,David,Henry,dhenrygp@mail.ru,Male,226.35.68.58
603,Lawrence,Myers,lmyersgq@accuweather.com,Male,204.97.5.142
604,Rose,Wheeler,rwheelergr@discuz.net,Female,211.138.123.98
605,Victor,Gutierrez,vgutierrezgs@japanpost.jp,Male,202.18.187.76
606,Aaron,Owens,aowensgt@dropbox.com,Male,88.77.154.188
607,George,Bennett,gbennettgu@lulu.com,Male,109.131.177.82
608,Harold,Matthews,hmatthewsgv@home.pl,Male,240.226.251.195
609,Irene,Matthews,imatthewsgw@gov.uk,Female,32.177.166.145
610,Eric,Mitchell,emitchellgx@etsy.com,Male,30.153.247.35
611,Ashley,Henry,ahenrygy@indiegogo.com,Female,174.79.39.8
612,Ralph,Moore,rmooregz@blogtalkradio.com,Male,95.217.218.47
613,Carolyn,Reid,creidh0@weather.com,Female,197.26.121.85
614,Keith,Brooks,kbrooksh1@elegantthemes.com,Male,0.156.153.71
615,Jerry,Brown,jbrownh2@skyrock.com,Male,10.103.65.161
616,Ryan,Watkins,rwatkinsh3@wufoo.com,Male,185.53.44.230
617,Joan,Rice,jriceh4@sourceforge.net,Female,28.141.187.72
618,Judith,Tucker,jtuckerh5@patch.com,Female,222.144.231.168
619,Victor,Carter,vcarterh6@de.vu,Male,174.252.54.76
620,Frank,Hill,fhillh7@merriam-webster.com,Male,94.238.124.4
621,Angela,Jordan,ajordanh8@telegraph.co.uk,Female,9.176.161.33
622,Alan,Powell,apowellh9@sun.com,Male,8.53.22.97
623,Howard,Ross,hrossha@usa.gov,Male,115.160.255.218
624,Tina,Jones,tjoneshb@nsw.gov.au,Female,218.231.106.135
625,Angela,Sullivan,asullivanhc@zdnet.com,Female,154.231.101.89
626,Christopher,Carpenter,ccarpenterhd@moonfruit.com,Male,123.15.136.87
627,Joseph,Mendoza,jmendozahe@webeden.co.uk,Male,151.40.55.86
628,Laura,Wheeler,lwheelerhf@4shared.com,Female,3.231.156.192
629,Irene,Chavez,ichavezhg@phpbb.com,Female,193.189.202.226
630,Jean,Diaz,jdiazhh@goo.ne.jp,Female,202.184.222.164
631,Brian,Grant,bgranthi@mozilla.com,Male,217.81.23.12
632,Ann,Harvey,aharveyhj@qq.com,Female,79.70.171.28
633,Catherine,Reid,creidhk@ft.com,Female,139.148.170.152
634,Harry,Coleman,hcolemanhl@liveinternet.ru,Male,74.26.241.183
635,Helen,Parker,hparkerhm@sogou.com,Female,148.243.135.25
636,Anthony,Kennedy,akennedyhn@wisc.edu,Male,61.255.184.106
637,Rachel,Jones,rjonesho@go.com,Female,2.253.169.206
638,Craig,Torres,ctorreshp@state.tx.us,Male,10.193.207.247
639,Tammy,Campbell,tcampbellhq@miitbeian.gov.cn,Female,158.165.120.121
640,Lori,Carpenter,lcarpenterhr@github.com,Female,246.75.104.80
641,Debra,Reid,dreidhs@drupal.org,Female,223.205.148.8
642,William,Daniels,wdanielsht@etsy.com,Male,224.171.1.151
643,Ralph,Burton,rburtonhu@slashdot.org,Male,130.173.84.205
644,Steven,Mccoy,smccoyhv@over-blog.com,Male,248.173.198.88
645,Eugene,Lane,elanehw@dmoz.org,Male,184.58.248.41
646,Henry,Bailey,hbaileyhx@sourceforge.net,Male,227.184.65.65
647,Kathleen,Chapman,kchapmanhy@cargocollective.com,Female,133.226.57.202
648,Louise,Howell,lhowellhz@cornell.edu,Female,248.219.218.94
649,Jimmy,Butler,jbutleri0@cargocollective.com,Male,229.176.24.53
650,Lois,Hughes,lhughesi1@clickbank.net,Female,6.157.29.107
651,Joan,Chapman,jchapmani2@usnews.com,Female,30.62.74.24
652,Shawn,Ross,srossi3@sitemeter.com,Male,193.221.15.94
653,David,Ruiz,druizi4@tamu.edu,Male,16.162.176.139
654,Thomas,Phillips,tphillipsi5@ca.gov,Male,23.55.117.13
655,Gloria,Fuller,gfulleri6@mysql.com,Female,214.208.57.89
656,Tammy,Riley,trileyi7@theglobeandmail.com,Female,123.196.126.232
657,Heather,Burke,hburkei8@liveinternet.ru,Female,116.21.17.169
658,Lisa,Martinez,lmartinezi9@webmd.com,Female,127.181.169.91
659,Theresa,Wagner,twagneria@pbs.org,Female,180.85.25.238
660,Barbara,Bell,bbellib@who.int,Female,26.238.126.20
661,George,Cruz,gcruzic@trellian.com,Male,48.41.131.34
662,Ralph,Murphy,rmurphyid@naver.com,Male,183.153.225.118
663,Teresa,Rodriguez,trodriguezie@imageshack.us,Female,7.238.203.30
664,Judy,Hart,jhartif@msu.edu,Female,89.215.55.21
665,Gloria,Alvarez,galvarezig@ibm.com,Female,68.68.213.119
666,Keith,Stewart,kstewartih@t.co,Male,41.105.200.232
667,Craig,Mitchell,cmitchellii@chron.com,Male,103.37.31.154
668,Ryan,Woods,rwoodsij@usgs.gov,Male,161.2.7.239
669,Shawn,Jones,sjonesik@gizmodo.com,Male,182.240.253.153
670,Jimmy,Stephens,jstephensil@sfgate.com,Male,200.51.214.150
671,Heather,Kelley,hkelleyim@reuters.com,Female,222.250.212.108
672,Alice,Graham,agrahamin@bluehost.com,Female,16.119.21.107
673,Victor,Ross,vrossio@mysql.com,Male,107.114.60.140
674,Earl,Parker,eparkerip@angelfire.com,Male,206.8.172.227
675,Stephanie,Carroll,scarrolliq@kickstarter.com,Female,34.133.100.215
676,Angela,Scott,ascottir@icq.com,Female,25.82.104.16
677,Joan,Ramos,jramosis@deliciousdays.com,Female,165.50.41.220
678,Doris,Cunningham,dcunninghamit@cpanel.net,Female,80.134.201.8
679,Charles,Burke,cburkeiu@t-online.de,Male,222.88.127.185
680,William,Freeman,wfreemaniv@imageshack.us,Male,165.53.195.44
681,Paul,Coleman,pcolemaniw@altervista.org,Male,73.105.236.12
682,Joe,Martinez,jmartinezix@reference.com,Male,13.126.225.213
683,Emily,Gordon,egordoniy@google.com.hk,Female,181.42.74.0
684,Janice,Phillips,jphillipsiz@dell.com,Female,170.178.149.165
685,Stephanie,Jenkins,sjenkinsj0@deviantart.com,Female,114.213.119.52
686,Mildred,Willis,mwillisj1@bravesites.com,Female,100.60.10.189
687,Albert,Lawrence,alawrencej2@ucla.edu,Male,245.165.181.81
688,Julia,Greene,jgreenej3@lycos.com,Female,38.70.16.117
689,Brenda,Sanders,bsandersj4@biglobe.ne.jp,Female,32.144.21.1
690,Ruby,Richardson,rrichardsonj5@ftc.gov,Female,223.178.117.193
691,Bobby,Oliver,boliverj6@liveinternet.ru,Male,203.172.64.164
692,Wanda,Pierce,wpiercej7@youtube.com,Female,165.116.201.205
693,Alice,Cole,acolej8@deliciousdays.com,Female,53.99.112.120
694,Gary,Perez,gperezj9@gmpg.org,Male,248.42.181.20
695,Martha,Crawford,mcrawfordja@g.co,Female,223.144.70.137
696,Annie,Lawson,alawsonjb@facebook.com,Female,47.98.11.193
697,Walter,Wood,wwoodjc@soup.io,Male,221.235.155.84
698,Albert,Berry,aberryjd@discuz.net,Male,35.119.21.160
699,Margaret,Gray,mgrayje@marketwatch.com,Female,151.119.109.132
700,Willie,Fernandez,wfernandezjf@nhs.uk,Male,156.47.101.158
701,Gerald,Robinson,grobinsonjg@youtube.com,Male,1.238.45.113
702,Kathryn,Robinson,krobinsonjh@vinaora.com,Female,102.29.78.159
703,Alice,Carr,acarrji@goo.gl,Female,72.140.234.216
704,Dorothy,Robinson,drobinsonjj@blogspot.com,Female,225.160.41.217
705,Clarence,West,cwestjk@google.pl,Male,169.42.211.11
706,Elizabeth,Reed,ereedjl@upenn.edu,Female,209.134.2.164
707,Deborah,Webb,dwebbjm@paginegialle.it,Female,50.136.78.17
708,Paula,Williams,pwilliamsjn@soup.io,Female,170.243.53.252
709,Carol,Oliver,coliverjo@usatoday.com,Female,252.213.232.7
710,Bruce,Hughes,bhughesjp@rambler.ru,Male,118.66.123.178
711,Phillip,Owens,powensjq@globo.com,Male,56.239.94.29
712,Kimberly,Jacobs,kjacobsjr@narod.ru,Female,111.48.248.136
713,Jose,Gibson,jgibsonjs@nsw.gov.au,Male,199.166.9.190
714,Scott,Hunt,shuntjt@sfgate.com,Male,122.78.145.12
715,Kathryn,Hernandez,khernandezju@nifty.com,Female,190.192.197.192
716,Lisa,Davis,ldavisjv@i2i.jp,Female,149.132.57.91
717,Louise,Hudson,lhudsonjw@comsenz.com,Female,15.108.175.27
718,Frances,Diaz,fdiazjx@paginegialle.it,Female,139.138.173.13
719,Linda,Wells,lwellsjy@hexun.com,Female,124.58.226.145
720,Jeffrey,Pierce,jpiercejz@yelp.com,Male,134.174.232.111
721,Louise,Ferguson,lfergusonk0@weibo.com,Female,125.124.180.146
722,Brenda,Rogers,brogersk1@vinaora.com,Female,222.124.104.51
723,Sean,Castillo,scastillok2@com.com,Male,202.185.132.100
724,Paul,Lewis,plewisk3@netvibes.com,Male,109.211.251.251
725,Maria,Morrison,mmorrisonk4@oakley.com,Female,136.136.41.89
726,Alice,Lynch,alynchk5@godaddy.com,Female,144.77.192.108
727,Kevin,Jordan,kjordank6@google.com.au,Male,231.182.106.50
728,Justin,Richards,jrichardsk7@ustream.tv,Male,49.117.95.85
729,Christina,Gomez,cgomezk8@wix.com,Female,127.192.11.14
730,Harry,Reyes,hreyesk9@xrea.com,Male,248.243.83.10
731,Jeremy,Turner,jturnerka@chron.com,Male,202.174.48.180
732,Donna,Gomez,dgomezkb@house.gov,Female,208.100.112.163
733,Samuel,Stephens,sstephenskc@zdnet.com,Male,159.76.197.137
734,Phyllis,Bryant,pbryantkd@fda.gov,Female,217.232.89.165
735,Michelle,Hamilton,mhamiltonke@apache.org,Female,230.26.143.93
736,Christine,Owens,cowenskf@qq.com,Female,167.207.23.224
737,Amanda,Kennedy,akennedykg@hexun.com,Female,181.183.118.162
738,Debra,Vasquez,dvasquezkh@usa.gov,Female,232.40.69.70
739,Eric,Hawkins,ehawkinski@istockphoto.com,Male,126.72.99.7
740,Brandon,Jordan,bjordankj@mayoclinic.com,Male,154.38.90.72
741,Jesse,Flores,jfloreskk@ca.gov,Male,21.20.21.123
742,Julia,Hanson,jhansonkl@ibm.com,Female,180.172.254.104
743,Harold,Lane,hlanekm@xinhuanet.com,Male,61.209.188.14
744,Debra,Robertson,drobertsonkn@issuu.com,Female,48.34.134.29
745,Pamela,Henderson,phendersonko@digg.com,Female,6.200.58.172
746,Anna,Garrett,agarrettkp@businesswire.com,Female,188.36.214.103
747,Margaret,Medina,mmedinakq@odnoklassniki.ru,Female,199.151.54.128
748,Jane,Hunter,jhunterkr@lulu.com,Female,213.92.48.55
749,Scott,Peters,spetersks@youtube.com,Male,154.225.104.83
750,Heather,Ellis,helliskt@csmonitor.com,Female,255.98.6.53
751,Pamela,Rogers,progersku@dedecms.com,Female,176.154.233.171
752,Gloria,Campbell,gcampbellkv@nba.com,Female,182.248.68.67
753,Catherine,Duncan,cduncankw@storify.com,Female,65.251.88.146
754,Ronald,Walker,rwalkerkx@csmonitor.com,Male,232.11.45.13
755,Walter,Henderson,whendersonky@simplemachines.org,Male,19.162.80.70
756,Phillip,Burton,pburtonkz@ucla.edu,Male,25.50.82.59
757,Stephanie,Marshall,smarshalll0@chronoengine.com,Female,25.193.82.58
758,Beverly,King,bkingl1@tmall.com,Female,248.67.77.15
759,Brandon,Elliott,belliottl2@goo.gl,Male,11.90.254.205
760,Lois,Shaw,lshawl3@quantcast.com,Female,4.222.13.123
761,Stephanie,Mendoza,smendozal4@ning.com,Female,254.145.147.125
762,Peter,Johnson,pjohnsonl5@hexun.com,Male,187.229.224.185
763,Bobby,Arnold,barnoldl6@msn.com,Male,130.199.157.89
764,Justin,Stevens,jstevensl7@digg.com,Male,136.39.167.82
765,Michelle,Johnston,mjohnstonl8@techcrunch.com,Female,76.162.198.41
766,Mark,Watson,mwatsonl9@apache.org,Male,165.152.240.61
767,Edward,Bowman,ebowmanla@theglobeandmail.com,Male,8.26.184.172
768,Barbara,Cooper,bcooperlb@microsoft.com,Female,28.86.60.24
769,Kathryn,Stevens,kstevenslc@archive.org,Female,150.35.165.131
770,Norma,Stewart,nstewartld@blogspot.com,Female,251.100.25.89
771,Frank,Perry,fperryle@gmpg.org,Male,218.136.143.8
772,Shawn,Reid,sreidlf@lycos.com,Male,25.176.116.108
773,Brenda,Robinson,brobinsonlg@yahoo.com,Female,208.10.11.64
774,Dennis,Ward,dwardlh@netvibes.com,Male,176.181.97.133
775,Stephen,Reed,sreedli@vistaprint.com,Male,56.49.49.167
776,Tammy,Coleman,tcolemanlj@nih.gov,Female,24.47.230.247
777,Phillip,Mccoy,pmccoylk@samsung.com,Male,81.223.251.182
778,Janice,Black,jblackll@google.fr,Female,169.126.130.171
779,Willie,Nelson,wnelsonlm@howstuffworks.com,Male,107.252.9.154
780,Mildred,Jenkins,mjenkinsln@census.gov,Female,247.125.117.20
781,Teresa,Carr,tcarrlo@blogspot.com,Female,53.222.172.18
782,Beverly,Collins,bcollinslp@slate.com,Female,211.58.151.184
783,Ernest,Diaz,ediazlq@economist.com,Male,19.219.154.8
784,Jennifer,Foster,jfosterlr@msn.com,Female,226.122.177.123
785,Gerald,Vasquez,gvasquezls@lycos.com,Male,66.83.218.187
786,Todd,Owens,towenslt@who.int,Male,249.27.121.130
787,Roy,Rodriguez,rrodriguezlu@gov.uk,Male,156.132.71.123
788,Julia,Shaw,jshawlv@rediff.com,Female,214.120.19.138
789,Bobby,Lynch,blynchlw@tinyurl.com,Male,193.208.117.71
790,Joseph,Jones,jjoneslx@webmd.com,Male,252.91.41.225
791,Samuel,Rose,srosely@bigcartel.com,Male,83.63.127.192
792,Ruby,Oliver,roliverlz@foxnews.com,Female,234.141.125.103
793,Paula,Carr,pcarrm0@utexas.edu,Female,229.142.24.102
794,Bruce,Grant,bgrantm1@hao123.com,Male,205.222.13.146
795,Arthur,Evans,aevansm2@cmu.edu,Male,207.108.2.250
796,Wanda,White,wwhitem3@sitemeter.com,Female,191.69.57.248
797,Joseph,Arnold,jarnoldm4@vimeo.com,Male,214.51.60.12
798,Kathy,Crawford,kcrawfordm5@sfgate.com,Female,134.250.104.39
799,Howard,Murphy,hmurphym6@miitbeian.gov.cn,Male,161.130.30.230
800,Thomas,Howard,thowardm7@networkadvertising.org,Male,144.65.129.237
801,Patricia,Kelley,pkelleym8@blinklist.com,Female,45.176.36.241
802,Stephen,Morrison,smorrisonm9@homestead.com,Male,88.11.217.241
803,Timothy,Flores,tfloresma@meetup.com,Male,17.33.178.251
804,Ernest,Moore,emooremb@php.net,Male,236.36.164.160
805,Alan,Johnston,ajohnstonmc@bigcartel.com,Male,161.113.121.153
806,Ruth,Robertson,rrobertsonmd@cnet.com,Female,62.185.151.74
807,Kathy,Reid,kreidme@canalblog.com,Female,137.214.127.198
808,Deborah,Romero,dromeromf@buzzfeed.com,Female,28.190.68.20
809,Lillian,Walker,lwalkermg@nba.com,Female,74.166.153.215
810,Craig,Moreno,cmorenomh@wired.com,Male,120.242.79.132
811,Philip,Lawson,plawsonmi@typepad.com,Male,67.12.90.120
812,Lillian,Jenkins,ljenkinsmj@latimes.com,Female,232.222.190.174
813,Willie,Knight,wknightmk@wiley.com,Male,90.189.163.75
814,Wanda,Chavez,wchavezml@slate.com,Female,4.20.178.243
815,Janice,Elliott,jelliottmm@zimbio.com,Female,23.236.85.178
816,Robert,Ferguson,rfergusonmn@de.vu,Male,9.250.227.174
817,Anna,Bennett,abennettmo@nytimes.com,Female,84.100.69.9
818,Louis,Ward,lwardmp@aboutads.info,Male,183.142.246.53
819,Michelle,Kim,mkimmq@weibo.com,Female,151.178.69.214
820,Jimmy,Hall,jhallmr@themeforest.net,Male,122.96.234.94
821,Harold,Ellis,hellisms@t-online.de,Male,129.55.216.134
822,Michelle,Patterson,mpattersonmt@squidoo.com,Female,146.48.235.55
823,Terry,Jackson,tjacksonmu@merriam-webster.com,Male,111.110.151.48
824,Wayne,Webb,wwebbmv@addthis.com,Male,104.127.177.3
825,Chris,Reynolds,creynoldsmw@topsy.com,Male,194.148.145.67
826,Carl,Webb,cwebbmx@vimeo.com,Male,152.147.122.80
827,Doris,Hill,dhillmy@cocolog-nifty.com,Female,13.225.28.58
828,Susan,Jordan,sjordanmz@oracle.com,Female,23.23.148.162
829,Deborah,Boyd,dboydn0@mozilla.com,Female,124.223.165.59
830,Steve,Lane,slanen1@hexun.com,Male,245.189.40.126
831,Henry,Bishop,hbishopn2@shop-pro.jp,Male,69.153.46.177
832,Ralph,Williamson,rwilliamsonn3@cargocollective.com,Male,142.54.150.92
833,Susan,Mendoza,smendozan4@myspace.com,Female,33.133.172.13
834,George,Patterson,gpattersonn5@auda.org.au,Male,204.111.202.233
835,Christina,Watson,cwatsonn6@fc2.com,Female,210.109.123.97
836,Phyllis,Lopez,plopezn7@mail.ru,Female,59.52.80.94
837,Jack,Black,jblackn8@thetimes.co.uk,Male,229.33.155.43
838,Katherine,Sanchez,ksanchezn9@samsung.com,Female,15.204.233.209
839,Steve,Kelley,skelleyna@chron.com,Male,20.152.193.201
840,Lawrence,Miller,lmillernb@sina.com.cn,Male,12.15.164.45
841,Michael,Porter,mporternc@nydailynews.com,Male,178.81.236.43
842,Jerry,Lopez,jlopeznd@zdnet.com,Male,102.96.12.89
843,Nancy,Hunt,nhuntne@amazon.co.uk,Female,74.151.228.205
844,Joshua,Martin,jmartinnf@angelfire.com,Male,222.75.241.150
845,Larry,Hill,lhillng@ameblo.jp,Male,183.125.59.99
846,Evelyn,Perry,eperrynh@w3.org,Female,32.107.195.218
847,Denise,Jones,djonesni@ibm.com,Female,114.114.101.80
848,Joe,Jacobs,jjacobsnj@nymag.com,Male,154.40.91.152
849,Dorothy,Evans,devansnk@over-blog.com,Female,43.67.194.106
850,Brian,Evans,bevansnl@sohu.com,Male,131.53.25.2
851,Cheryl,Welch,cwelchnm@yelp.com,Female,217.249.34.93
852,Tammy,Lawrence,tlawrencenn@tinypic.com,Female,161.247.77.80
853,Earl,Harper,eharperno@taobao.com,Male,150.191.129.85
854,Samuel,Walker,swalkernp@disqus.com,Male,70.255.87.38
855,Paul,Stephens,pstephensnq@ibm.com,Male,43.150.193.36
856,Nicole,Meyer,nmeyernr@jiathis.com,Female,33.173.240.233
857,Jonathan,Welch,jwelchns@meetup.com,Male,63.229.192.141
858,Betty,Elliott,belliottnt@wix.com,Female,75.214.14.206
859,Stephen,Greene,sgreenenu@goodreads.com,Male,109.226.60.213
860,Ruby,Franklin,rfranklinnv@nasa.gov,Female,84.239.151.163
861,Kathryn,Reed,kreednw@princeton.edu,Female,162.218.175.169
862,Robin,Perez,rpereznx@w3.org,Female,253.169.41.60
863,Alice,Turner,aturnerny@is.gd,Female,231.168.137.225
864,Carolyn,Webb,cwebbnz@xing.com,Female,119.23.52.37
865,Ashley,Sullivan,asullivano0@vk.com,Female,235.10.67.72
866,Jose,Watson,jwatsono1@ehow.com,Male,50.211.227.83
867,David,Howard,dhowardo2@vimeo.com,Male,160.181.78.80
868,Alice,Miller,amillero3@upenn.edu,Female,203.32.101.181
869,Jesse,Hunt,jhunto4@deviantart.com,Male,113.213.136.70
870,Annie,Wright,awrighto5@gov.uk,Female,176.179.254.205
871,Brian,Hanson,bhansono6@answers.com,Male,94.109.56.142
872,Anne,Murphy,amurphyo7@newsvine.com,Female,96.1.122.234
873,Annie,Mccoy,amccoyo8@jalbum.net,Female,191.133.133.255
874,Martha,Chavez,mchavezo9@virginia.edu,Female,197.80.122.239
875,Joseph,Wallace,jwallaceoa@is.gd,Male,221.119.156.226
876,Ronald,Nichols,rnicholsob@ycombinator.com,Male,31.152.62.20
877,Paul,Carter,pcarteroc@kickstarter.com,Male,59.192.245.25
878,Emily,Taylor,etaylorod@ustream.tv,Female,36.164.141.2
879,Steve,Wagner,swagneroe@mac.com,Male,3.65.21.214
880,Amy,Dean,adeanof@github.com,Female,203.177.144.172
881,Arthur,Parker,aparkerog@blogger.com,Male,189.25.152.196
882,Martin,Freeman,mfreemanoh@storify.com,Male,138.147.220.50
883,Mary,Romero,mromerooi@simplemachines.org,Female,75.22.86.195
884,Lillian,Ferguson,lfergusonoj@blogtalkradio.com,Female,50.15.168.48
885,Charles,Reid,creidok@hatena.ne.jp,Male,13.118.106.244
886,Antonio,Ross,arossol@comcast.net,Male,72.255.0.76
887,Evelyn,Brooks,ebrooksom@weebly.com,Female,122.219.165.41
888,Cynthia,Rodriguez,crodriguezon@pen.io,Female,221.135.163.154
889,Justin,Jordan,jjordanoo@vinaora.com,Male,227.88.110.93
890,Katherine,Gonzalez,kgonzalezop@macromedia.com,Female,0.182.10.252
891,Jeffrey,Fields,jfieldsoq@patch.com,Male,119.212.99.70
892,Benjamin,Burke,bburkeor@epa.gov,Male,233.73.37.230
893,Joe,Oliver,joliveros@opensource.org,Male,104.24.238.142
894,Larry,Fisher,lfisherot@cafepress.com,Male,5.193.241.86
895,Brenda,Black,bblackou@wordpress.org,Female,162.31.214.249
896,Sara,Hart,shartov@europa.eu,Female,218.118.157.89
897,Randy,Moreno,rmorenoow@cmu.edu,Male,69.24.43.159
898,Steve,Hamilton,shamiltonox@multiply.com,Male,24.103.164.172
899,Stephen,Holmes,sholmesoy@elegantthemes.com,Male,103.82.219.126
900,Joseph,Mitchell,jmitchelloz@nbcnews.com,Male,234.243.162.206
901,Maria,Palmer,mpalmerp0@chronoengine.com,Female,201.77.181.89
902,Kelly,Mcdonald,kmcdonaldp1@istockphoto.com,Female,68.63.221.123
903,Pamela,Gilbert,pgilbertp2@amazonaws.com,Female,117.41.114.248
904,Ruth,Allen,rallenp3@wikimedia.org,Female,175.153.166.144
905,Christina,Gonzalez,cgonzalezp4@blogger.com,Female,49.8.74.88
906,Samuel,Morales,smoralesp5@1und1.de,Male,59.238.230.45
907,Henry,Duncan,hduncanp6@imgur.com,Male,100.190.169.156
908,Walter,Mendoza,wmendozap7@washingtonpost.com,Male,82.145.23.121
909,Walter,Garza,wgarzap8@1688.com,Male,42.171.173.8
910,Louis,Mitchell,lmitchellp9@google.co.jp,Male,71.119.50.14
911,Roger,Wallace,rwallacepa@blinklist.com,Male,118.76.146.87
912,Robert,Hawkins,rhawkinspb@trellian.com,Male,4.63.65.149
913,Keith,Bell,kbellpc@blogs.com,Male,85.193.72.8
914,Charles,Hayes,chayespd@tuttocitta.it,Male,70.130.19.239
915,Kelly,Richards,krichardspe@angelfire.com,Female,67.15.177.245
916,Jerry,Warren,jwarrenpf@google.com.au,Male,227.253.77.108
917,William,Crawford,wcrawfordpg@infoseek.co.jp,Male,30.220.181.234
918,Lillian,Richards,lrichardsph@amazon.co.jp,Female,200.13.143.135
919,Andrew,Henderson,ahendersonpi@vinaora.com,Male,57.166.174.89
920,Stephen,Riley,srileypj@goo.ne.jp,Male,20.24.27.80
921,Patricia,Hicks,phickspk@addtoany.com,Female,68.228.239.77
922,Joshua,Boyd,jboydpl@tamu.edu,Male,121.147.163.223
923,Karen,Stone,kstonepm@elegantthemes.com,Female,172.233.238.200
924,Ryan,Carroll,rcarrollpn@latimes.com,Male,130.20.90.27
925,Phyllis,Mills,pmillspo@cam.ac.uk,Female,139.248.183.53
926,Stephanie,Franklin,sfranklinpp@nasa.gov,Female,224.22.125.255
927,Harry,Wells,hwellspq@dyndns.org,Male,161.91.213.204
928,Martin,Harper,mharperpr@oakley.com,Male,188.116.49.70
929,Sean,Cruz,scruzps@cpanel.net,Male,115.90.192.129
930,Scott,Duncan,sduncanpt@spiegel.de,Male,123.215.239.248
931,Charles,Morgan,cmorganpu@deliciousdays.com,Male,124.114.28.251
932,Amy,Johnson,ajohnsonpv@ning.com,Female,92.219.51.218
933,Carolyn,Hill,chillpw@google.com,Female,3.245.198.133
934,Jason,Nichols,jnicholspx@bandcamp.com,Male,35.86.165.194
935,Russell,Hansen,rhansenpy@washington.edu,Male,37.215.253.159
936,Irene,Davis,idavispz@delicious.com,Female,10.19.182.63
937,Lillian,Henderson,lhendersonq0@microsoft.com,Female,210.120.112.2
938,Rose,Harrison,rharrisonq1@prlog.org,Female,31.142.47.155
939,Marie,Burke,mburkeq2@biglobe.ne.jp,Female,31.52.209.199
940,Martha,Willis,mwillisq3@google.fr,Female,143.142.61.113
941,Sharon,Williamson,swilliamsonq4@csmonitor.com,Female,36.181.84.122
942,Bobby,Snyder,bsnyderq5@newyorker.com,Male,222.162.142.108
943,Emily,Gutierrez,egutierrezq6@mediafire.com,Female,138.224.2.49
944,Judith,Scott,jscottq7@unblog.fr,Female,100.137.101.43
945,Christina,Hernandez,chernandezq8@mashable.com,Female,56.213.30.216
946,Christine,James,cjamesq9@i2i.jp,Female,193.225.33.50
947,Terry,Collins,tcollinsqa@istockphoto.com,Male,68.51.95.234
948,Joyce,Flores,jfloresqb@comcast.net,Female,214.238.18.222
949,Roy,Wright,rwrightqc@msn.com,Male,1.14.240.189
950,Anna,Wheeler,awheelerqd@disqus.com,Female,6.45.13.65
951,Bobby,Powell,bpowellqe@sogou.com,Male,199.204.71.84
952,Mark,Hart,mhartqf@wp.com,Male,121.121.137.14
953,Ruth,Robertson,rrobertsonqg@businessinsider.com,Female,33.175.118.1
954,Alice,Schmidt,aschmidtqh@army.mil,Female,69.250.2.82
955,Anne,Ryan,aryanqi@alibaba.com,Female,82.16.10.254
956,Laura,Willis,lwillisqj@github.io,Female,73.127.105.98
957,Patrick,Ray,prayqk@prnewswire.com,Male,122.102.116.69
958,Frances,Webb,fwebbql@nbcnews.com,Female,130.57.53.172
959,Rachel,Watson,rwatsonqm@businessweek.com,Female,45.68.171.67
960,Ann,Morgan,amorganqn@nasa.gov,Female,31.208.213.30
961,Keith,Dean,kdeanqo@ebay.co.uk,Male,233.252.111.44
962,Sean,Ryan,sryanqp@mysql.com,Male,200.120.165.250
963,Edward,Romero,eromeroqq@xing.com,Male,23.71.107.253
964,Harold,Nelson,hnelsonqr@reddit.com,Male,57.193.59.4
965,Ashley,Meyer,ameyerqs@cloudflare.com,Female,14.96.118.246
966,Charles,Thomas,cthomasqt@salon.com,Male,28.198.50.40
967,Johnny,Wood,jwoodqu@guardian.co.uk,Male,154.82.107.212
968,Justin,Franklin,jfranklinqv@angelfire.com,Male,179.106.65.39
969,Debra,Lawrence,dlawrenceqw@buzzfeed.com,Female,188.35.113.181
970,Margaret,Hayes,mhayesqx@is.gd,Female,177.227.31.135
971,Helen,Rogers,hrogersqy@wikipedia.org,Female,179.3.155.170
972,Robert,Kelley,rkelleyqz@theglobeandmail.com,Male,180.80.198.61
973,Shawn,Bennett,sbennettr0@gnu.org,Male,136.45.22.147
974,Paula,Bishop,pbishopr1@springer.com,Female,208.190.53.153
975,Julia,Hawkins,jhawkinsr2@spiegel.de,Female,27.43.151.82
976,Arthur,Warren,awarrenr3@biglobe.ne.jp,Male,65.3.139.125
977,Eric,Lynch,elynchr4@vistaprint.com,Male,160.119.218.15
978,Mary,Jacobs,mjacobsr5@dedecms.com,Female,122.138.52.178
979,Denise,Porter,dporterr6@ow.ly,Female,95.21.76.249
980,Karen,Burke,kburker7@chronoengine.com,Female,209.148.73.104
981,Mildred,Stevens,mstevensr8@accuweather.com,Female,202.78.189.136
982,Doris,Greene,dgreener9@utexas.edu,Female,228.160.68.41
983,Howard,Boyd,hboydra@baidu.com,Male,228.82.206.228
984,Lori,Wood,lwoodrb@shinystat.com,Female,48.207.97.150
985,Ashley,Carter,acarterrc@economist.com,Female,173.254.17.249
986,Roy,Powell,rpowellrd@is.gd,Male,196.7.28.168
987,Joseph,Carroll,jcarrollre@webs.com,Male,173.165.40.18
988,Kenneth,Woods,kwoodsrf@vkontakte.ru,Male,252.87.10.6
989,Harold,Fowler,hfowlerrg@goo.gl,Male,39.191.28.174
990,Ryan,Wagner,rwagnerrh@shutterfly.com,Male,23.6.150.205
991,Shawn,King,skingri@time.com,Male,176.232.50.88
992,Kathleen,Palmer,kpalmerrj@columbia.edu,Female,49.232.7.253
993,Mildred,Gardner,mgardnerrk@discuz.net,Female,130.149.91.20
994,Jack,Elliott,jelliottrl@angelfire.com,Male,4.17.188.9
995,Thomas,Edwards,tedwardsrm@odnoklassniki.ru,Male,50.211.108.125
996,Katherine,Reed,kreedrn@blogger.com,Female,88.72.44.86
997,Albert,Henderson,ahendersonro@uiuc.edu,Male,229.170.150.129
998,Shawn,Riley,srileyrp@lulu.com,Male,26.97.132.242
999,Maria,Rodriguez,mrodriguezrq@myspace.com,Female,17.125.156.84
1000,Ruth,Bishop,rbishoprr@shinystat.com,Female,207.105.99.47
