id,first_name,last_name,email,gender,ip_address
1,Christopher,Ford,cford0@usgs.gov,Male,141.215.166.31
2,Frank,Johnson,fjohnson1@foxnews.com,Male,82.228.90.18
3,Antonio,Howard,ahoward2@addtoany.com,Male,88.194.161.127
4,Rose,Lawrence,rlawrence3@alexa.com,Female,83.12.226.9
5,Rose,Black,rblack4@tuttocitta.it,Female,65.11.132.75
6,Harold,Walker,hwalker5@admin.ch,Male,108.217.115.59
7,Chris,Frazier,cfrazier6@cbslocal.com,Male,6.141.44.123
8,Mark,Hayes,mhayes7@columbia.edu,Male,231.187.251.2
9,Douglas,Ford,dford8@bluehost.com,Male,169.159.157.174
10,Nicole,Stephens,nstephens9@epa.gov,Female,62.241.139.244
11,Billy,Daniels,bdanielsa@bluehost.com,Male,98.3.231.48
12,Debra,Hayes,dhayesb@list-manage.com,Female,154.45.15.211
13,Diane,Fuller,dfullerc@photobucket.com,Female,122.248.125.3
14,Ryan,Kelly,rkellyd@earthlink.net,Male,225.52.37.170
15,Nicole,Watkins,nwatkinse@addthis.com,Female,81.109.3.184
16,Bruce,Robertson,brobertsonf@fastcompany.com,Male,166.56.72.176
17,Henry,Hunter,hhunterg@123-reg.co.uk,Male,96.225.165.187
18,Theresa,Hart,tharth@github.io,Female,100.143.200.77
19,Albert,Smith,asmithi@china.com.cn,Male,122.109.158.141
20,Debra,Ray,drayj@reuters.com,Female,172.182.19.183
21,Lillian,Matthews,lmatthewsk@google.nl,Female,203.255.142.131
22,Annie,Day,adayl@elegantthemes.com,Female,206.228.56.88
23,Deborah,Taylor,dtaylorm@mozilla.org,Female,109.79.16.207
24,Randy,Hart,rhartn@macromedia.com,Male,220.156.200.157
25,Karen,Kennedy,kkennedyo@samsung.com,Female,205.10.76.223
26,Harold,Walker,hwalkerp@wikipedia.org,Male,184.159.176.28
27,Jane,Price,jpriceq@eventbrite.com,Female,152.61.185.210
28,Nancy,Fields,nfieldsr@jalbum.net,Female,218.236.37.45
29,Anne,Johnson,ajohnsons@columbia.edu,Female,159.172.222.50
30,Denise,Vasquez,dvasquezt@unc.edu,Female,126.210.165.85
31,Diane,Palmer,dpalmeru@gravatar.com,Female,211.67.119.8
32,Denise,Ray,drayv@shinystat.com,Female,38.170.106.216
33,Diana,Sanders,dsandersw@networksolutions.com,Female,147.168.186.24
34,Ralph,Bishop,rbishopx@privacy.gov.au,Male,77.243.39.241
35,Sarah,Payne,spayney@spotify.com,Female,75.74.140.37
36,Betty,Perez,bperezz@woothemes.com,Female,214.51.203.248
37,Debra,Scott,dscott10@latimes.com,Female,88.169.82.10
38,David,Woods,dwoods11@yale.edu,Male,73.189.29.189
39,Annie,Hill,ahill12@altervista.org,Female,9.172.52.153
40,Timothy,Hicks,thicks13@epa.gov,Male,16.98.193.230
41,Bruce,Bennett,bbennett14@aol.com,Male,123.213.185.96
42,Brenda,Fields,bfields15@hexun.com,Female,8.185.253.68
43,Douglas,Ruiz,druiz16@addthis.com,Male,57.226.142.56
44,Ruth,Watkins,rwatkins17@phpbb.com,Female,0.249.191.162
45,Steve,Bailey,sbailey18@gizmodo.com,Male,89.99.240.13
46,Martha,Brooks,mbrooks19@list-manage.com,Female,23.192.105.208
47,Deborah,Stevens,dstevens1a@businesswire.com,Female,103.37.79.135
48,Lisa,Flores,lflores1b@wikimedia.org,Female,47.235.91.153
49,Charles,Cruz,ccruz1c@biglobe.ne.jp,Male,204.89.200.29
50,Gerald,Kennedy,gkennedy1d@barnesandnoble.com,Male,74.28.140.165
51,Craig,Long,clong1e@wsj.com,Male,133.239.255.46
52,Kelly,Gonzalez,kgonzalez1f@istockphoto.com,Female,44.121.224.134
53,Martha,Garcia,mgarcia1g@bluehost.com,Female,180.61.76.176
54,Tina,Johnston,tjohnston1h@soup.io,Female,78.55.76.108
55,Phyllis,Taylor,ptaylor1i@imgur.com,Female,182.57.222.45
56,Victor,Jacobs,vjacobs1j@eventbrite.com,Male,38.189.107.173
57,Helen,Ward,hward1k@weather.com,Female,63.130.93.41
58,Cynthia,Hanson,chanson1l@reddit.com,Female,161.236.141.32
59,Sean,Foster,sfoster1m@xrea.com,Male,161.226.64.8
60,Emily,Wheeler,ewheeler1n@rambler.ru,Female,76.1.169.197
61,Christina,West,cwest1o@yellowpages.com,Female,234.69.238.253
62,Randy,Lewis,rlewis1p@surveymonkey.com,Male,157.74.160.240
63,Steven,Black,sblack1q@naver.com,Male,126.237.169.164
64,Fred,Ramirez,framirez1r@vkontakte.ru,Male,127.240.87.80
65,Shirley,Morris,smorris1s@slideshare.net,Female,45.151.173.132
66,Jessica,Cook,jcook1t@mtv.com,Female,218.118.185.225
67,Cheryl,Anderson,canderson1u@webs.com,Female,181.109.109.12
68,Tina,Anderson,tanderson1v@cnet.com,Female,127.137.39.19
69,Rose,Anderson,randerson1w@t.co,Female,118.136.194.101
70,Jane,Hamilton,jhamilton1x@ezinearticles.com,Female,111.138.1.74
71,Carl,Bradley,cbradley1y@drupal.org,Male,218.205.220.225
72,Jason,Lawrence,jlawrence1z@princeton.edu,Male,240.108.22.166
73,Antonio,Hayes,ahayes20@myspace.com,Male,194.80.106.10
74,Russell,Allen,rallen21@lulu.com,Male,59.46.31.33
75,Martha,Hamilton,mhamilton22@photobucket.com,Female,172.140.41.72
76,Shawn,Payne,spayne23@yelp.com,Male,126.83.220.147
77,Ashley,Banks,abanks24@virginia.edu,Female,74.207.57.228
78,Joseph,Anderson,janderson25@salon.com,Male,7.137.201.84
79,Jeffrey,Montgomery,jmontgomery26@google.de,Male,147.16.208.174
80,Michael,Scott,mscott27@tinypic.com,Male,233.54.38.2
81,Thomas,Wells,twells28@unc.edu,Male,209.254.207.231
82,Cynthia,Austin,caustin29@apache.org,Female,246.237.57.240
83,John,Miller,jmiller2a@dailymotion.com,Male,89.162.109.169
84,Steven,Griffin,sgriffin2b@google.com.au,Male,79.34.223.172
85,Anne,Bennett,abennett2c@privacy.gov.au,Female,87.35.190.253
86,Joshua,Gibson,jgibson2d@bbc.co.uk,Male,38.211.55.55
87,Beverly,West,bwest2e@google.fr,Female,54.23.198.213
88,Samuel,Stevens,sstevens2f@marketwatch.com,Male,59.192.94.211
89,Sara,Cruz,scruz2g@mayoclinic.com,Female,87.41.13.0
90,Sara,Frazier,sfrazier2h@t-online.de,Female,156.22.79.141
91,Charles,Elliott,celliott2i@blog.com,Male,74.211.99.150
92,Harry,Ray,hray2j@businesswire.com,Male,11.118.200.168
93,Rebecca,Spencer,rspencer2k@webnode.com,Female,46.99.96.136
94,Steve,Meyer,smeyer2l@bloglines.com,Male,70.89.241.240
95,Kelly,Morris,kmorris2m@skyrock.com,Female,242.95.189.68
96,Katherine,Rose,krose2n@toplist.cz,Female,119.153.210.92
97,Andrew,Williams,awilliams2o@wikispaces.com,Male,184.64.177.36
98,Dennis,Wallace,dwallace2p@wiley.com,Male,157.250.29.207
99,Jeremy,Baker,jbaker2q@slideshare.net,Male,236.110.197.73
100,Brandon,West,bwest2r@paypal.com,Male,195.187.138.134
101,Pamela,Hamilton,phamilton2s@studiopress.com,Female,48.93.198.65
102,Phillip,Hunt,phunt2t@hugedomains.com,Male,84.105.142.238
103,Ernest,Mendoza,emendoza2u@jigsy.com,Male,115.238.156.164
104,Robert,Gray,rgray2v@bluehost.com,Male,40.4.30.43
105,Todd,Dean,tdean2w@amazon.co.jp,Male,52.98.165.64
106,Victor,Weaver,vweaver2x@lulu.com,Male,206.205.222.5
107,Frank,Owens,fowens2y@bandcamp.com,Male,28.48.135.247
108,Howard,Arnold,harnold2z@taobao.com,Male,55.203.136.107
109,Raymond,Gordon,rgordon30@psu.edu,Male,193.34.58.16
110,Dorothy,Cooper,dcooper31@xing.com,Female,133.129.255.224
111,Irene,Cox,icox32@theatlantic.com,Female,50.169.124.91
112,Anna,Cunningham,acunningham33@sciencedirect.com,Female,109.241.90.75
113,Stephen,Reyes,sreyes34@census.gov,Male,216.247.121.96
114,Jason,Ramos,jramos35@ca.gov,Male,126.94.178.118
115,Adam,Allen,aallen36@myspace.com,Male,198.84.177.228
116,Carol,Tucker,ctucker37@jugem.jp,Female,224.158.19.58
117,Douglas,Grant,dgrant38@cnn.com,Male,53.206.123.35
118,Richard,Schmidt,rschmidt39@businesswire.com,Male,223.38.21.199
119,Judith,Daniels,jdaniels3a@theatlantic.com,Female,169.0.141.33
120,Ronald,Gilbert,rgilbert3b@mozilla.org,Male,231.144.215.248
121,Deborah,Robertson,drobertson3c@studiopress.com,Female,54.172.93.164
122,Debra,Olson,dolson3d@wikia.com,Female,80.2.9.140
123,Maria,Bell,mbell3e@omniture.com,Female,154.79.105.37
124,Cynthia,Fisher,cfisher3f@typepad.com,Female,142.85.94.225
125,Christine,Greene,cgreene3g@samsung.com,Female,145.142.249.13
126,Roger,Washington,rwashington3h@wikispaces.com,Male,99.192.23.96
127,Jennifer,Robinson,jrobinson3i@usda.gov,Female,166.106.142.51
128,Sara,Lawrence,slawrence3j@soup.io,Female,38.208.66.26
129,Sarah,Robertson,srobertson3k@wikimedia.org,Female,228.211.227.150
130,Shirley,Butler,sbutler3l@bandcamp.com,Female,172.171.142.244
131,Ryan,Rose,rrose3m@businesswire.com,Male,11.127.93.97
132,Pamela,Foster,pfoster3n@stanford.edu,Female,179.10.25.151
133,Alice,Perkins,aperkins3o@cdbaby.com,Female,241.71.199.94
134,Steve,Gray,sgray3p@godaddy.com,Male,134.61.102.134
135,Benjamin,Sanders,bsanders3q@who.int,Male,210.8.242.216
136,Gloria,Morris,gmorris3r@addthis.com,Female,174.73.194.63
137,Kathleen,Kelly,kkelly3s@baidu.com,Female,156.116.125.178
138,Mildred,Perkins,mperkins3t@hostgator.com,Female,120.140.144.120
139,Kevin,Russell,krussell3u@deviantart.com,Male,125.149.62.68
140,Pamela,Baker,pbaker3v@hibu.com,Female,233.35.83.4
141,Kenneth,Henderson,khenderson3w@google.pl,Male,82.209.4.147
142,Judy,Ruiz,jruiz3x@squidoo.com,Female,130.16.188.251
143,Ronald,Ruiz,rruiz3y@seesaa.net,Male,142.110.112.151
144,Raymond,Watson,rwatson3z@arstechnica.com,Male,123.80.98.60
145,Amanda,Ross,aross40@cbc.ca,Female,89.225.101.171
146,Gregory,Gibson,ggibson41@seesaa.net,Male,122.243.122.241
147,Michelle,Matthews,mmatthews42@answers.com,Female,228.60.104.99
148,Roger,Ruiz,rruiz43@chicagotribune.com,Male,249.128.80.243
149,Marilyn,Shaw,mshaw44@yolasite.com,Female,99.181.17.23
150,Dorothy,Edwards,dedwards45@multiply.com,Female,140.173.180.1
151,Donna,Ramos,dramos46@is.gd,Female,141.3.222.174
152,Ryan,Lee,rlee47@dion.ne.jp,Male,80.127.170.184
153,Benjamin,West,bwest48@wunderground.com,Male,142.90.198.98
154,Johnny,Lee,jlee49@ezinearticles.com,Male,228.75.100.85
155,Dennis,Lawrence,dlawrence4a@friendfeed.com,Male,17.179.98.37
156,Mildred,Wallace,mwallace4b@mlb.com,Female,73.174.19.35
157,Julie,Lopez,jlopez4c@rambler.ru,Female,254.101.23.62
158,Ann,James,ajames4d@linkedin.com,Female,4.57.169.238
159,Lillian,Castillo,lcastillo4e@fda.gov,Female,242.250.146.35
160,Julie,Anderson,janderson4f@behance.net,Female,23.55.130.201
161,Rebecca,Thompson,rthompson4g@google.cn,Female,168.74.130.133
162,Joseph,Reyes,jreyes4h@myspace.com,Male,200.156.191.158
163,Theresa,Ray,tray4i@deliciousdays.com,Female,140.53.220.1
164,Pamela,Hudson,phudson4j@barnesandnoble.com,Female,54.94.99.136
165,Tina,Wallace,twallace4k@apple.com,Female,253.201.152.89
166,Raymond,Reid,rreid4l@imdb.com,Male,23.4.132.45
167,Joan,Hunt,jhunt4m@purevolume.com,Female,77.13.249.101
168,Christina,Willis,cwillis4n@51.la,Female,2.203.67.214
169,Cynthia,Banks,cbanks4o@rediff.com,Female,186.158.85.18
170,Andrea,Thompson,athompson4p@over-blog.com,Female,118.88.134.223
171,Jonathan,Cunningham,jcunningham4q@phpbb.com,Male,58.87.23.83
172,Edward,Henderson,ehenderson4r@fastcompany.com,Male,204.55.14.49
173,Kenneth,Greene,kgreene4s@list-manage.com,Male,150.28.154.221
174,Jason,Graham,jgraham4t@cnet.com,Male,144.45.152.234
175,Patrick,Kennedy,pkennedy4u@myspace.com,Male,41.33.248.169
176,Jessica,Austin,jaustin4v@archive.org,Female,115.229.38.171
177,Ryan,Ryan,rryan4w@qq.com,Male,131.141.201.17
178,Diane,Banks,dbanks4x@census.gov,Female,249.195.215.90
179,Joyce,Medina,jmedina4y@wunderground.com,Female,1.77.176.200
180,Gregory,Franklin,gfranklin4z@google.co.jp,Male,18.151.68.126
181,Matthew,Dunn,mdunn50@zdnet.com,Male,193.199.243.164
182,Bruce,Lane,blane51@ed.gov,Male,144.63.116.156
183,Pamela,Patterson,ppatterson52@irs.gov,Female,142.71.84.149
184,Jennifer,Snyder,jsnyder53@dion.ne.jp,Female,128.200.74.146
185,Steven,Moreno,smoreno54@ucla.edu,Male,197.60.187.64
186,Johnny,Duncan,jduncan55@bluehost.com,Male,193.237.254.186
187,Robert,Hayes,rhayes56@ovh.net,Male,117.208.47.62
188,Kathleen,Ray,kray57@comcast.net,Female,31.50.233.119
189,Lisa,Gutierrez,lgutierrez58@mayoclinic.com,Female,246.24.3.243
190,Rachel,Jenkins,rjenkins59@miibeian.gov.cn,Female,78.83.227.124
191,Janice,Warren,jwarren5a@xinhuanet.com,Female,208.226.85.235
192,Mark,Hart,mhart5b@mozilla.com,Male,14.248.173.49
193,Carl,Johnson,cjohnson5c@xinhuanet.com,Male,236.10.203.137
194,Jeffrey,Daniels,jdaniels5d@mapquest.com,Male,140.151.204.129
195,Raymond,Fowler,rfowler5e@sitemeter.com,Male,184.55.183.100
196,John,Burton,jburton5f@hp.com,Male,182.191.222.171
197,Ann,Evans,aevans5g@mit.edu,Female,250.237.161.200
198,Walter,Harrison,wharrison5h@studiopress.com,Male,113.225.174.141
199,Lillian,Burke,lburke5i@wordpress.com,Female,126.159.85.79
200,Diana,Frazier,dfrazier5j@illinois.edu,Female,129.168.223.47
201,Joan,Riley,jriley5k@imgur.com,Female,29.95.50.7
202,Julia,Matthews,jmatthews5l@slate.com,Female,97.26.92.228
203,Johnny,Robertson,jrobertson5m@ucsd.edu,Male,67.222.201.55
204,Phyllis,Stevens,pstevens5n@gmpg.org,Female,232.205.91.245
205,Lois,Simmons,lsimmons5o@fda.gov,Female,210.175.84.203
206,Judy,Gonzales,jgonzales5p@unc.edu,Female,60.254.203.81
207,Sara,Reynolds,sreynolds5q@e-recht24.de,Female,81.133.30.228
208,Fred,Hawkins,fhawkins5r@bloglovin.com,Male,122.14.253.142
209,Bonnie,Brown,bbrown5s@amazon.co.uk,Female,5.94.60.138
210,Henry,Chapman,hchapman5t@quantcast.com,Male,65.156.109.202
211,Benjamin,Edwards,bedwards5u@free.fr,Male,140.27.223.76
212,Eugene,Perez,eperez5v@php.net,Male,236.5.164.3
213,Nicholas,Lee,nlee5w@baidu.com,Male,113.68.6.152
214,Kimberly,Welch,kwelch5x@unblog.fr,Female,152.234.97.197
215,Andrew,Richardson,arichardson5y@ycombinator.com,Male,172.78.124.142
216,Andrew,Reid,areid5z@paypal.com,Male,170.58.187.59
217,Anne,Mcdonald,amcdonald60@scientificamerican.com,Female,98.59.213.11
218,Jacqueline,Ramirez,jramirez61@ow.ly,Female,210.214.56.226
219,Helen,Miller,hmiller62@hatena.ne.jp,Female,112.252.193.90
220,Rachel,Cox,rcox63@51.la,Female,152.50.21.32
221,Gregory,Warren,gwarren64@miibeian.gov.cn,Male,251.76.244.114
222,Christine,Henderson,chenderson65@go.com,Female,186.240.173.45
223,Roger,Gibson,rgibson66@senate.gov,Male,225.11.5.253
224,Amanda,Rose,arose67@cdbaby.com,Female,145.139.64.95
225,Jeffrey,Butler,jbutler68@dyndns.org,Male,137.179.139.54
226,Terry,Henry,thenry69@google.fr,Male,60.178.18.246
227,Ruby,Vasquez,rvasquez6a@wikimedia.org,Female,98.95.6.196
228,Gary,Morris,gmorris6b@toplist.cz,Male,233.176.88.210
229,Annie,Elliott,aelliott6c@earthlink.net,Female,91.165.211.149
230,Teresa,Stevens,tstevens6d@ebay.com,Female,27.72.38.96
231,Wanda,Cox,wcox6e@nsw.gov.au,Female,8.197.80.89
232,Julie,Fuller,jfuller6f@cbsnews.com,Female,32.99.178.30
233,Virginia,Owens,vowens6g@bravesites.com,Female,143.153.50.96
234,Denise,Stewart,dstewart6h@quantcast.com,Female,137.76.94.197
235,Chris,Jenkins,cjenkins6i@delicious.com,Male,165.87.16.5
236,Chris,Bishop,cbishop6j@auda.org.au,Male,79.228.8.88
237,Janice,Young,jyoung6k@japanpost.jp,Female,85.73.167.167
238,Alice,Jenkins,ajenkins6l@newyorker.com,Female,32.231.152.198
239,Nicole,Rose,nrose6m@boston.com,Female,22.171.209.114
240,George,Alexander,galexander6n@businesswire.com,Male,240.2.87.84
241,Andrew,Richardson,arichardson6o@utexas.edu,Male,91.1.245.46
242,Rachel,Campbell,rcampbell6p@ebay.com,Female,61.4.194.77
243,Juan,Alexander,jalexander6q@ustream.tv,Male,200.239.156.43
244,Rebecca,Hart,rhart6r@ox.ac.uk,Female,169.148.193.141
245,George,Garcia,ggarcia6s@msn.com,Male,159.200.61.187
246,Rachel,Sanchez,rsanchez6t@sciencedirect.com,Female,125.233.144.62
247,Melissa,Hill,mhill6u@nsw.gov.au,Female,19.38.48.221
248,Alan,Torres,atorres6v@mozilla.com,Male,133.79.210.51
249,Donna,Kelly,dkelly6w@ucoz.ru,Female,162.48.103.40
250,Peter,Jones,pjones6x@theatlantic.com,Male,252.70.88.236
251,Frances,Black,fblack6y@webmd.com,Female,187.182.199.170
252,Emily,Mason,emason6z@unicef.org,Female,123.109.235.181
253,Anna,Simmons,asimmons70@storify.com,Female,2.244.69.104
254,Linda,Washington,lwashington71@unicef.org,Female,231.109.220.166
255,Heather,Marshall,hmarshall72@unesco.org,Female,209.178.243.30
256,Joseph,Medina,jmedina73@comcast.net,Male,156.8.182.182
257,Joe,Bailey,jbailey74@japanpost.jp,Male,89.76.42.16
258,Cheryl,Johnston,cjohnston75@scribd.com,Female,46.183.189.190
259,Donna,Burke,dburke76@addthis.com,Female,176.85.91.28
260,Ronald,Hayes,rhayes77@arstechnica.com,Male,191.60.254.132
261,Martin,Payne,mpayne78@mit.edu,Male,89.121.241.35
262,Richard,Matthews,rmatthews79@nasa.gov,Male,144.198.78.3
263,Christine,Ferguson,cferguson7a@earthlink.net,Female,84.41.251.152
264,Kathleen,Andrews,kandrews7b@shutterfly.com,Female,78.13.232.201
265,Steve,Morgan,smorgan7c@bloomberg.com,Male,33.97.70.201
266,Andrew,Stone,astone7d@delicious.com,Male,156.69.201.8
267,Nicole,Banks,nbanks7e@cargocollective.com,Female,101.4.19.215
268,Jack,Oliver,joliver7f@imgur.com,Male,236.139.13.237
269,Billy,Howell,bhowell7g@irs.gov,Male,40.111.52.11
270,Elizabeth,Powell,epowell7h@sciencedaily.com,Female,196.34.119.215
271,Wanda,Pierce,wpierce7i@hexun.com,Female,91.28.188.222
272,Jeremy,Kelly,jkelly7j@csmonitor.com,Male,54.79.218.195
273,Larry,Ross,lross7k@ibm.com,Male,221.3.200.159
274,Douglas,Grant,dgrant7l@mapy.cz,Male,188.82.225.47
275,Alan,Frazier,afrazier7m@ovh.net,Male,108.220.232.30
276,Jose,Fowler,jfowler7n@mediafire.com,Male,99.86.50.226
277,Edward,Rose,erose7o@berkeley.edu,Male,238.107.152.174
278,Samuel,Simpson,ssimpson7p@theguardian.com,Male,237.16.139.198
279,Maria,Little,mlittle7q@illinois.edu,Female,140.44.101.242
280,Judy,Gutierrez,jgutierrez7r@dagondesign.com,Female,164.68.56.26
281,Carlos,Ellis,cellis7s@google.co.jp,Male,90.34.180.136
282,Robert,Scott,rscott7t@google.com.br,Male,166.163.207.13
283,Susan,Thompson,sthompson7u@github.com,Female,38.50.11.149
284,Kimberly,Dixon,kdixon7v@posterous.com,Female,196.46.19.85
285,Raymond,Hanson,rhanson7w@istockphoto.com,Male,208.15.86.75
286,Lisa,Larson,llarson7x@noaa.gov,Female,227.58.142.124
287,Lori,Armstrong,larmstrong7y@usgs.gov,Female,191.201.27.127
288,Jason,Fowler,jfowler7z@aol.com,Male,122.42.234.67
289,Matthew,Wells,mwells80@independent.co.uk,Male,231.68.252.230
290,Jacqueline,Vasquez,jvasquez81@cnbc.com,Female,29.71.203.115
291,Jane,Smith,jsmith82@goodreads.com,Female,177.185.56.156
292,Ruby,Crawford,rcrawford83@microsoft.com,Female,144.198.87.105
293,Matthew,Castillo,mcastillo84@g.co,Male,126.109.60.49
294,Walter,Shaw,wshaw85@ihg.com,Male,171.137.236.45
295,Randy,Reid,rreid86@bloglovin.com,Male,34.192.51.195
296,Eugene,Howard,ehoward87@eepurl.com,Male,161.7.98.195
297,Douglas,Parker,dparker88@reuters.com,Male,247.187.67.69
298,Arthur,Campbell,acampbell89@e-recht24.de,Male,223.139.226.109
299,Martha,Banks,mbanks8a@amazon.com,Female,252.109.146.180
300,Maria,Reed,mreed8b@sciencedaily.com,Female,81.121.144.20
301,Laura,Mitchell,lmitchell8c@stanford.edu,Female,17.131.98.23
302,Beverly,Ward,bward8d@utexas.edu,Female,209.69.176.39
303,Lori,Holmes,lholmes8e@oakley.com,Female,14.32.93.218
304,Gerald,Garza,ggarza8f@vimeo.com,Male,172.229.55.4
305,Evelyn,Howell,ehowell8g@fc2.com,Female,26.34.98.174
306,Irene,Carpenter,icarpenter8h@kickstarter.com,Female,240.57.71.252
307,Peter,Lee,plee8i@slideshare.net,Male,1.55.142.125
308,Richard,Lane,rlane8j@smugmug.com,Male,94.171.81.116
309,Bonnie,Jenkins,bjenkins8k@arizona.edu,Female,180.33.210.249
310,Tina,Campbell,tcampbell8l@google.it,Female,88.43.207.177
311,Judy,Kennedy,jkennedy8m@sphinn.com,Female,14.198.198.34
312,Angela,Little,alittle8n@webs.com,Female,35.29.127.236
313,Walter,Kim,wkim8o@zdnet.com,Male,229.72.88.22
314,Jean,Mccoy,jmccoy8p@home.pl,Female,63.167.8.211
315,Martha,Jenkins,mjenkins8q@stanford.edu,Female,81.83.211.194
316,Joyce,Fox,jfox8r@usatoday.com,Female,155.253.7.2
317,Thomas,James,tjames8s@eepurl.com,Male,23.126.227.252
318,Steve,Franklin,sfranklin8t@networksolutions.com,Male,204.211.213.75
319,Gary,Little,glittle8u@answers.com,Male,175.138.192.207
320,Pamela,Lane,plane8v@seattletimes.com,Female,62.67.72.23
321,Sarah,Stevens,sstevens8w@hostgator.com,Female,58.198.162.236
322,Mildred,Gonzales,mgonzales8x@ucoz.ru,Female,94.115.203.73
323,Timothy,Hunter,thunter8y@hostgator.com,Male,131.57.211.208
324,David,Schmidt,dschmidt8z@amazon.co.uk,Male,129.86.245.130
325,Willie,King,wking90@ebay.co.uk,Male,28.104.114.130
326,Tina,Hudson,thudson91@mlb.com,Female,53.76.141.210
327,Gloria,Freeman,gfreeman92@tuttocitta.it,Female,148.170.143.1
328,Sandra,Olson,solson93@harvard.edu,Female,10.128.219.169
329,Samuel,Gray,sgray94@mashable.com,Male,178.113.76.96
330,Nicholas,Perkins,nperkins95@e-recht24.de,Male,160.1.215.192
331,Eric,Ruiz,eruiz96@sourceforge.net,Male,125.97.33.34
332,Mark,Collins,mcollins97@go.com,Male,202.109.116.91
333,Michelle,Perry,mperry98@narod.ru,Female,75.58.114.46
334,Alan,Hunter,ahunter99@thetimes.co.uk,Male,117.133.111.215
335,Tina,Thomas,tthomas9a@ucsd.edu,Female,142.157.1.25
336,Timothy,Bennett,tbennett9b@seattletimes.com,Male,252.74.56.245
337,Nancy,Harrison,nharrison9c@google.de,Female,201.183.251.239
338,Raymond,Fernandez,rfernandez9d@businessweek.com,Male,12.232.185.111
339,Anthony,Brooks,abrooks9e@ezinearticles.com,Male,19.120.167.71
340,Eugene,Ortiz,eortiz9f@oakley.com,Male,184.178.37.118
341,Lois,Baker,lbaker9g@hugedomains.com,Female,43.205.171.159
342,Judy,Jacobs,jjacobs9h@mit.edu,Female,214.154.109.186
343,Kenneth,Lawrence,klawrence9i@cbc.ca,Male,224.105.186.163
344,Rebecca,Coleman,rcoleman9j@europa.eu,Female,199.136.1.185
345,Judy,Mcdonald,jmcdonald9k@ucoz.ru,Female,68.160.185.214
346,Stephanie,Gardner,sgardner9l@salon.com,Female,201.119.119.235
347,Bonnie,West,bwest9m@1und1.de,Female,237.34.171.77
348,Eugene,Dunn,edunn9n@addthis.com,Male,62.209.243.51
349,Rachel,Gonzales,rgonzales9o@google.com,Female,45.119.153.0
350,Johnny,Cooper,jcooper9p@yelp.com,Male,144.55.30.251
351,Donald,Mason,dmason9q@youku.com,Male,14.87.128.47
352,Rebecca,Snyder,rsnyder9r@a8.net,Female,110.133.104.54
353,Cynthia,Long,clong9s@sbwire.com,Female,234.71.189.65
354,Dennis,Martin,dmartin9t@icio.us,Male,164.51.84.166
355,Ralph,Hansen,rhansen9u@economist.com,Male,195.212.236.160
356,Rachel,Burns,rburns9v@hatena.ne.jp,Female,33.135.180.123
357,Beverly,Gordon,bgordon9w@admin.ch,Female,15.39.76.89
358,Betty,Martinez,bmartinez9x@mozilla.org,Female,130.190.214.190
359,Mary,Wallace,mwallace9y@sina.com.cn,Female,191.117.70.62
360,Lawrence,Day,lday9z@cisco.com,Male,132.84.92.142
361,Kelly,Richardson,krichardsona0@princeton.edu,Female,43.204.139.181
362,Angela,Bishop,abishopa1@businessweek.com,Female,129.188.100.86
363,George,Jacobs,gjacobsa2@vinaora.com,Male,236.80.24.234
364,Carolyn,Roberts,crobertsa3@dot.gov,Female,159.36.27.116
365,Richard,Hudson,rhudsona4@bravesites.com,Male,250.186.181.156
366,Gerald,Brooks,gbrooksa5@cocolog-nifty.com,Male,209.63.81.155
367,Betty,Sullivan,bsullivana6@boston.com,Female,234.72.121.251
368,Paul,Carroll,pcarrolla7@mysql.com,Male,80.192.140.141
369,Shawn,Cunningham,scunninghama8@ask.com,Male,222.16.199.55
370,Christina,Cole,ccolea9@wunderground.com,Female,85.75.203.25
371,Judy,Nguyen,jnguyenaa@vistaprint.com,Female,227.123.88.108
372,Chris,Torres,ctorresab@discuz.net,Male,97.123.171.87
373,Steve,Garcia,sgarciaac@elpais.com,Male,43.40.50.5
374,Melissa,Nichols,mnicholsad@goo.gl,Female,207.74.119.82
375,Jesse,Kennedy,jkennedyae@wikimedia.org,Male,124.51.228.253
376,Raymond,Jackson,rjacksonaf@sbwire.com,Male,138.175.130.167
377,Gloria,Rivera,griveraag@taobao.com,Female,12.103.140.35
378,Jerry,Kennedy,jkennedyah@artisteer.com,Male,195.3.72.7
379,Christopher,Sims,csimsai@nytimes.com,Male,82.198.32.20
380,Heather,Gomez,hgomezaj@accuweather.com,Female,203.143.98.1
381,Ryan,Ross,rrossak@is.gd,Male,87.58.182.65
382,Rebecca,Parker,rparkeral@vk.com,Female,242.248.216.15
383,Craig,Harvey,charveyam@unesco.org,Male,12.129.74.98
384,Harold,Stanley,hstanleyan@123-reg.co.uk,Male,155.141.46.253
385,Catherine,Foster,cfosterao@yale.edu,Female,56.15.20.86
386,Sarah,Wheeler,swheelerap@technorati.com,Female,241.41.33.64
387,Matthew,Patterson,mpattersonaq@hibu.com,Male,9.86.73.104
388,Rachel,Fuller,rfullerar@state.tx.us,Female,145.54.67.66
389,David,Castillo,dcastilloas@wunderground.com,Male,4.165.115.79
390,Harry,Ortiz,hortizat@oracle.com,Male,57.125.82.194
391,Nicole,Moreno,nmorenoau@cmu.edu,Female,36.229.152.66
392,Brenda,Peterson,bpetersonav@youku.com,Female,4.140.143.61
393,Philip,Austin,paustinaw@archive.org,Male,27.251.86.146
394,Angela,Oliver,aoliverax@slate.com,Female,226.199.253.120
395,Thomas,Garcia,tgarciaay@uiuc.edu,Male,42.2.125.104
396,Richard,Knight,rknightaz@aol.com,Male,149.25.26.196
397,Melissa,Robinson,mrobinsonb0@livejournal.com,Female,178.157.50.94
398,Martin,Moore,mmooreb1@msn.com,Male,7.254.167.121
399,Roger,Hansen,rhansenb2@alexa.com,Male,184.76.99.211
400,Russell,Scott,rscottb3@zimbio.com,Male,3.255.178.225
401,Lori,Wheeler,lwheelerb4@goo.ne.jp,Female,130.227.1.238
402,Marie,Evans,mevansb5@studiopress.com,Female,73.210.65.68
403,Emily,Reed,ereedb6@networkadvertising.org,Female,50.58.59.250
404,Joyce,Brooks,jbrooksb7@narod.ru,Female,137.142.33.179
405,Jessica,Elliott,jelliottb8@youtube.com,Female,196.219.89.191
406,Gloria,Carpenter,gcarpenterb9@devhub.com,Female,173.181.234.174
407,Betty,Wagner,bwagnerba@mozilla.com,Female,183.88.35.109
408,Douglas,Rose,drosebb@csmonitor.com,Male,157.63.73.204
409,Jacqueline,Cook,jcookbc@1und1.de,Female,82.156.47.137
410,Teresa,Romero,tromerobd@marriott.com,Female,37.238.27.203
411,Patricia,Wheeler,pwheelerbe@github.io,Female,116.168.76.153
412,Christina,Diaz,cdiazbf@prweb.com,Female,186.36.179.35
413,Samuel,Smith,ssmithbg@mozilla.com,Male,0.159.68.224
414,Phyllis,Schmidt,pschmidtbh@senate.gov,Female,75.129.51.199
415,Sean,Fowler,sfowlerbi@weibo.com,Male,25.206.79.100
416,Michael,Jordan,mjordanbj@histats.com,Male,22.118.132.176
417,Kathleen,Stephens,kstephensbk@hao123.com,Female,50.60.39.240
418,Henry,Rose,hrosebl@craigslist.org,Male,51.125.60.245
419,Peter,Wells,pwellsbm@hubpages.com,Male,21.127.74.7
420,Gary,Gonzalez,ggonzalezbn@nhs.uk,Male,247.159.165.9
421,Richard,Harvey,rharveybo@ustream.tv,Male,90.20.170.161
422,Rebecca,Medina,rmedinabp@jalbum.net,Female,50.125.239.15
423,Chris,Hawkins,chawkinsbq@slate.com,Male,71.193.188.241
424,Jonathan,Bailey,jbaileybr@youku.com,Male,69.183.224.88
425,Christina,Knight,cknightbs@symantec.com,Female,34.216.113.146
426,David,Olson,dolsonbt@php.net,Male,255.103.137.129
427,Brenda,Lawson,blawsonbu@jigsy.com,Female,51.165.238.187
428,Mark,Peterson,mpetersonbv@angelfire.com,Male,210.62.87.185
429,Shawn,Powell,spowellbw@reuters.com,Male,117.178.65.134
430,Todd,Griffin,tgriffinbx@newyorker.com,Male,188.223.238.158
431,Albert,Morgan,amorganby@blog.com,Male,235.8.170.193
432,Betty,Mills,bmillsbz@mail.ru,Female,167.67.52.178
433,Martin,Flores,mfloresc0@google.fr,Male,91.33.134.45
434,Karen,Berry,kberryc1@virginia.edu,Female,138.52.146.58
435,Victor,Parker,vparkerc2@goo.gl,Male,127.116.231.86
436,Rachel,Berry,rberryc3@netscape.com,Female,85.151.155.238
437,Ann,Rodriguez,arodriguezc4@google.com.au,Female,129.167.139.219
438,Patrick,Gibson,pgibsonc5@shop-pro.jp,Male,25.149.56.233
439,Aaron,Murray,amurrayc6@edublogs.org,Male,192.59.213.221
440,David,Wells,dwellsc7@pagesperso-orange.fr,Male,61.31.21.206
441,Arthur,Kelley,akelleyc8@biglobe.ne.jp,Male,255.165.152.75
442,Joshua,Arnold,jarnoldc9@fotki.com,Male,226.38.55.90
443,Samuel,Ramirez,sramirezca@typepad.com,Male,210.98.174.43
444,Martha,Bishop,mbishopcb@chron.com,Female,187.211.21.45
445,Joshua,Baker,jbakercc@vistaprint.com,Male,150.207.177.128
446,Louis,Hamilton,lhamiltoncd@xrea.com,Male,67.3.248.204
447,Lawrence,Fisher,lfisherce@weibo.com,Male,205.41.77.93
448,Ashley,Henderson,ahendersoncf@craigslist.org,Female,121.128.44.4
449,Lillian,Martinez,lmartinezcg@discuz.net,Female,249.74.144.250
450,Kenneth,Cunningham,kcunninghamch@cloudflare.com,Male,23.239.255.64
451,Ryan,Washington,rwashingtonci@independent.co.uk,Male,164.211.146.237
452,Nancy,Burton,nburtoncj@wunderground.com,Female,29.172.125.215
453,Jane,Bradley,jbradleyck@redcross.org,Female,38.152.64.11
454,Rose,Schmidt,rschmidtcl@trellian.com,Female,143.134.174.156
455,Benjamin,Harvey,bharveycm@cdbaby.com,Male,135.187.190.51
456,Jane,Webb,jwebbcn@zdnet.com,Female,65.197.35.85
457,Dennis,Morales,dmoralesco@google.ru,Male,109.45.71.143
458,Teresa,West,twestcp@blogspot.com,Female,19.213.162.231
459,Alice,Spencer,aspencercq@forbes.com,Female,13.245.254.227
460,Alan,Freeman,afreemancr@weebly.com,Male,240.83.170.6
461,Juan,Clark,jclarkcs@washingtonpost.com,Male,65.130.56.19
462,Louise,Pierce,lpiercect@marketwatch.com,Female,178.248.125.177
463,Judy,Roberts,jrobertscu@pcworld.com,Female,103.14.86.36
464,Julia,Murphy,jmurphycv@tmall.com,Female,210.5.152.231
465,Rose,Wallace,rwallacecw@livejournal.com,Female,249.170.184.54
466,Randy,Hudson,rhudsoncx@webnode.com,Male,97.249.91.73
467,Theresa,Banks,tbankscy@biglobe.ne.jp,Female,54.192.249.164
468,Walter,Fowler,wfowlercz@devhub.com,Male,118.86.28.43
469,Elizabeth,Perry,eperryd0@ebay.co.uk,Female,104.230.127.188
470,Stephen,Turner,sturnerd1@google.pl,Male,152.56.211.2
471,Larry,Hernandez,lhernandezd2@springer.com,Male,51.179.58.135
472,James,Fuller,jfullerd3@bizjournals.com,Male,244.68.3.6
473,Irene,Carroll,icarrolld4@umich.edu,Female,97.155.188.23
474,Nicole,Webb,nwebbd5@creativecommons.org,Female,82.46.180.159
475,Doris,Bell,dbelld6@purevolume.com,Female,66.222.36.143
476,Kathryn,Boyd,kboydd7@rambler.ru,Female,116.217.233.189
477,Peter,Fox,pfoxd8@archive.org,Male,11.85.97.72
478,Helen,Taylor,htaylord9@icq.com,Female,226.136.119.167
479,James,Gomez,jgomezda@topsy.com,Male,192.125.9.180
480,Scott,Marshall,smarshalldb@microsoft.com,Male,58.77.201.131
481,Andrea,Nelson,anelsondc@nytimes.com,Female,171.32.68.146
482,Jerry,Mills,jmillsdd@parallels.com,Male,135.108.106.164
483,Andrew,Collins,acollinsde@ning.com,Male,201.131.16.159
484,Sandra,Rogers,srogersdf@marriott.com,Female,2.173.170.52
485,Martin,Warren,mwarrendg@cornell.edu,Male,161.219.39.7
486,Roy,Willis,rwillisdh@opera.com,Male,207.232.179.213
487,Michelle,Simmons,msimmonsdi@shutterfly.com,Female,160.36.245.217
488,Willie,Flores,wfloresdj@bandcamp.com,Male,0.232.19.198
489,Henry,Snyder,hsnyderdk@amazonaws.com,Male,38.25.118.223
490,Lisa,Porter,lporterdl@huffingtonpost.com,Female,37.247.33.105
491,Irene,Pierce,ipiercedm@prnewswire.com,Female,27.125.123.80
492,Carolyn,Harper,charperdn@soundcloud.com,Female,92.217.100.240
493,Henry,Spencer,hspencerdo@shinystat.com,Male,126.217.81.12
494,John,Jones,jjonesdp@twitter.com,Male,160.86.188.237
495,Judy,Wagner,jwagnerdq@cargocollective.com,Female,23.26.37.6
496,Maria,Kelly,mkellydr@harvard.edu,Female,243.74.41.138
497,Ralph,Austin,raustinds@seesaa.net,Male,102.225.13.238
498,Katherine,Nichols,knicholsdt@behance.net,Female,80.41.87.37
499,Mark,Gonzales,mgonzalesdu@rediff.com,Male,105.0.111.37
500,Dorothy,Howell,dhowelldv@springer.com,Female,133.94.23.101
501,Marilyn,Matthews,mmatthewsdw@jigsy.com,Female,83.226.7.241
502,Harold,Hall,hhalldx@skype.com,Male,232.204.68.22
503,Christina,Ross,crossdy@nydailynews.com,Female,158.220.154.109
504,Carolyn,Lopez,clopezdz@purevolume.com,Female,112.104.201.67
505,Doris,Carter,dcartere0@twitter.com,Female,110.186.234.137
506,Gloria,King,gkinge1@bbc.co.uk,Female,60.161.100.81
507,Larry,Lynch,llynche2@adobe.com,Male,198.253.118.61
508,Andrea,Hudson,ahudsone3@cloudflare.com,Female,169.3.23.242
509,Joseph,Hansen,jhansene4@acquirethisname.com,Male,246.136.129.98
510,Charles,George,cgeorgee5@cdbaby.com,Male,1.9.78.61
511,Barbara,Lopez,blopeze6@mail.ru,Female,139.240.198.171
512,Emily,Jackson,ejacksone7@utexas.edu,Female,219.3.191.1
513,Bruce,Greene,bgreenee8@jiathis.com,Male,203.218.106.227
514,Doris,Cunningham,dcunninghame9@apple.com,Female,154.147.170.101
515,Raymond,Adams,radamsea@lycos.com,Male,57.90.120.67
516,Fred,Mcdonald,fmcdonaldeb@comsenz.com,Male,45.10.176.125
517,Samuel,Hernandez,shernandezec@360.cn,Male,176.98.204.118
518,Katherine,Frazier,kfraziered@archive.org,Female,120.231.26.51
519,Harry,Robertson,hrobertsonee@cpanel.net,Male,244.188.52.12
520,Ashley,Howell,ahowellef@bluehost.com,Female,161.57.203.249
521,Elizabeth,Andrews,eandrewseg@sciencedirect.com,Female,97.117.82.22
522,Virginia,Hansen,vhanseneh@fc2.com,Female,111.60.205.126
523,Rose,Chapman,rchapmanei@123-reg.co.uk,Female,212.238.233.176
524,Doris,Hunter,dhunterej@aol.com,Female,99.94.12.227
525,Howard,Long,hlongek@github.io,Male,74.165.197.84
526,Cynthia,Edwards,cedwardsel@webmd.com,Female,57.151.237.211
527,Clarence,Stanley,cstanleyem@mtv.com,Male,45.163.123.235
528,Dennis,Morgan,dmorganen@cafepress.com,Male,123.81.250.130
529,Lawrence,Hernandez,lhernandezeo@mapquest.com,Male,157.122.233.192
530,Antonio,Nguyen,anguyenep@usgs.gov,Male,251.137.40.209
531,Ashley,Stevens,astevenseq@sphinn.com,Female,202.93.37.16
532,Amy,Gibson,agibsoner@spiegel.de,Female,211.14.41.154
533,Joe,Frazier,jfrazieres@java.com,Male,163.42.85.33
534,Michelle,Peters,mpeterset@trellian.com,Female,154.193.197.140
535,Carolyn,Patterson,cpattersoneu@japanpost.jp,Female,186.48.111.250
536,Patrick,Ford,pfordev@bbc.co.uk,Male,144.205.110.165
537,David,Castillo,dcastilloew@homestead.com,Male,237.229.24.102
538,Keith,Cunningham,kcunninghamex@jugem.jp,Male,34.163.102.228
539,Christopher,Davis,cdavisey@microsoft.com,Male,216.186.116.121
540,Ruby,Smith,rsmithez@github.com,Female,238.237.98.168
541,Bonnie,Hamilton,bhamiltonf0@usnews.com,Female,137.171.26.237
542,Antonio,Thomas,athomasf1@dell.com,Male,97.43.168.40
543,Russell,Pierce,rpiercef2@discovery.com,Male,129.88.221.122
544,Michael,Gonzales,mgonzalesf3@sciencedirect.com,Male,45.120.228.177
545,Nicholas,Kelly,nkellyf4@lulu.com,Male,43.74.100.115
546,Arthur,Payne,apaynef5@yolasite.com,Male,32.214.73.180
547,Emily,Kennedy,ekennedyf6@oracle.com,Female,11.158.237.154
548,Lori,Webb,lwebbf7@nature.com,Female,80.105.172.176
549,Brandon,Fisher,bfisherf8@umn.edu,Male,131.69.247.77
550,Albert,Garrett,agarrettf9@google.it,Male,83.248.45.1
551,Laura,Long,llongfa@globo.com,Female,155.155.236.68
552,Sandra,Thompson,sthompsonfb@cnet.com,Female,230.191.70.22
553,Arthur,Washington,awashingtonfc@networkadvertising.org,Male,249.173.94.70
554,Laura,Armstrong,larmstrongfd@deliciousdays.com,Female,186.205.254.107
555,Eugene,Baker,ebakerfe@irs.gov,Male,146.41.2.228
556,Randy,Hamilton,rhamiltonff@illinois.edu,Male,123.145.227.174
557,Ernest,Martinez,emartinezfg@java.com,Male,11.101.50.238
558,Dorothy,Taylor,dtaylorfh@forbes.com,Female,175.83.65.35
559,Joyce,Owens,jowensfi@pcworld.com,Female,120.109.31.52
560,Donald,Sanders,dsandersfj@goo.ne.jp,Male,104.243.98.60
561,Albert,Ryan,aryanfk@ezinearticles.com,Male,94.128.169.193
562,Mildred,Hall,mhallfl@foxnews.com,Female,36.245.212.162
563,Steve,Jackson,sjacksonfm@si.edu,Male,100.133.202.29
564,Anne,Gordon,agordonfn@amazon.co.uk,Female,33.156.6.252
565,Paula,Johnston,pjohnstonfo@hhs.gov,Female,174.105.54.170
566,Julia,Harrison,jharrisonfp@netvibes.com,Female,56.252.166.95
567,Julie,Martin,jmartinfq@altervista.org,Female,60.87.91.176
568,Roy,Foster,rfosterfr@nyu.edu,Male,97.212.199.131
569,Marie,Bennett,mbennettfs@lulu.com,Female,202.248.199.114
570,Maria,Thomas,mthomasft@artisteer.com,Female,255.100.192.79
571,Joan,Holmes,jholmesfu@craigslist.org,Female,208.208.55.210
572,Roy,Porter,rporterfv@hud.gov,Male,43.7.101.1
573,Samuel,Taylor,staylorfw@hc360.com,Male,189.200.213.173
574,Linda,Hernandez,lhernandezfx@vk.com,Female,160.22.125.54
575,Catherine,Peterson,cpetersonfy@timesonline.co.uk,Female,25.155.24.91
576,Stephanie,Welch,swelchfz@lulu.com,Female,168.76.98.34
577,Martha,Morales,mmoralesg0@cornell.edu,Female,63.30.82.244
578,David,Cruz,dcruzg1@msn.com,Male,156.33.209.174
579,Diane,Wood,dwoodg2@patch.com,Female,246.68.202.113
580,Adam,Robinson,arobinsong3@eepurl.com,Male,154.78.11.100
581,Jerry,Butler,jbutlerg4@arstechnica.com,Male,197.63.80.72
582,Jose,Matthews,jmatthewsg5@google.pl,Male,52.168.50.149
583,Fred,Rice,friceg6@businesswire.com,Male,123.208.182.198
584,Jean,Morrison,jmorrisong7@illinois.edu,Female,242.214.255.106
585,Rebecca,Rice,rriceg8@usda.gov,Female,247.82.112.139
586,Terry,Patterson,tpattersong9@sitemeter.com,Male,75.180.121.117
587,Emily,Ward,ewardga@thetimes.co.uk,Female,221.157.139.5
588,Jerry,Garrett,jgarrettgb@archive.org,Male,4.182.176.188
589,Patricia,Black,pblackgc@dyndns.org,Female,154.143.80.229
590,Betty,Rivera,briveragd@list-manage.com,Female,147.107.236.11
591,Tina,Williamson,twilliamsonge@flickr.com,Female,143.170.106.68
592,Shawn,Cooper,scoopergf@wiley.com,Male,112.6.29.142
593,Joan,Burns,jburnsgg@marketwatch.com,Female,212.81.116.34
594,Christopher,Garrett,cgarrettgh@hao123.com,Male,195.185.188.232
595,Judy,Bowman,jbowmangi@boston.com,Female,235.2.147.143
596,Emily,Cole,ecolegj@yellowbook.com,Female,24.96.152.208
597,Betty,Hanson,bhansongk@360.cn,Female,160.34.234.68
598,Martin,Rodriguez,mrodriguezgl@clickbank.net,Male,238.150.199.243
599,Cheryl,Harvey,charveygm@nyu.edu,Female,27.218.51.209
600,Eric,Hudson,ehudsongn@indiegogo.com,Male,151.232.210.126
601,Rebecca,Gilbert,rgilbertgo@pen.io,Female,143.63.201.10
602,Kelly,Gomez,kgomezgp@unesco.org,Female,187.23.254.237
603,Christina,Medina,cmedinagq@arstechnica.com,Female,46.230.228.246
604,Mildred,Hunter,mhuntergr@reverbnation.com,Female,134.120.209.162
605,Dorothy,Meyer,dmeyergs@cargocollective.com,Female,154.159.31.60
606,Beverly,Kennedy,bkennedygt@woothemes.com,Female,200.41.1.85
607,Edward,Grant,egrantgu@nih.gov,Male,51.181.90.236
608,Mildred,Baker,mbakergv@mashable.com,Female,222.211.11.14
609,Wanda,Matthews,wmatthewsgw@blog.com,Female,87.201.14.92
610,Teresa,Bailey,tbaileygx@exblog.jp,Female,188.106.47.242
611,Evelyn,Cruz,ecruzgy@phoca.cz,Female,59.91.82.229
612,Jimmy,Mason,jmasongz@com.com,Male,145.74.81.104
613,Michael,Gomez,mgomezh0@nhs.uk,Male,251.227.88.170
614,Phyllis,Morales,pmoralesh1@odnoklassniki.ru,Female,19.19.29.107
615,Nicholas,Larson,nlarsonh2@google.it,Male,126.3.232.194
616,Richard,Price,rpriceh3@dropbox.com,Male,241.70.167.200
617,Harold,Hughes,hhughesh4@adobe.com,Male,129.215.69.243
618,Jessica,Kennedy,jkennedyh5@adobe.com,Female,52.209.238.143
619,Susan,Johnson,sjohnsonh6@instagram.com,Female,88.82.40.98
620,Susan,Morris,smorrish7@si.edu,Female,247.208.130.54
621,Earl,Reed,ereedh8@dion.ne.jp,Male,7.115.205.95
622,Frances,Johnston,fjohnstonh9@dmoz.org,Female,133.7.233.159
623,Marie,Matthews,mmatthewsha@nhs.uk,Female,236.14.44.122
624,Donna,Mills,dmillshb@altervista.org,Female,241.21.184.28
625,Sean,Rivera,sriverahc@comcast.net,Male,78.143.243.44
626,Jimmy,Black,jblackhd@narod.ru,Male,158.179.148.219
627,Diane,Greene,dgreenehe@state.gov,Female,187.222.100.184
628,Aaron,Spencer,aspencerhf@cnn.com,Male,45.214.53.101
629,Anna,Hart,aharthg@boston.com,Female,144.140.123.9
630,Jean,Ross,jrosshh@g.co,Female,46.141.102.86
631,Gerald,Perkins,gperkinshi@washington.edu,Male,128.233.110.124
632,Bruce,Simmons,bsimmonshj@upenn.edu,Male,81.48.116.226
633,Carlos,Little,clittlehk@forbes.com,Male,203.184.61.238
634,Christopher,Andrews,candrewshl@cnn.com,Male,154.217.7.17
635,Joshua,Fernandez,jfernandezhm@discuz.net,Male,124.63.198.57
636,Christina,Simmons,csimmonshn@chicagotribune.com,Female,150.168.204.145
637,Patricia,Brown,pbrownho@google.com.au,Female,148.229.56.228
638,Shawn,Ramirez,sramirezhp@adobe.com,Male,134.70.234.49
639,Dorothy,Howell,dhowellhq@dailymotion.com,Female,172.202.245.174
640,Amanda,Allen,aallenhr@360.cn,Female,136.113.79.29
641,Benjamin,Day,bdayhs@pinterest.com,Male,141.36.233.77
642,Anthony,Evans,aevansht@buzzfeed.com,Male,200.13.97.128
643,Judith,Davis,jdavishu@psu.edu,Female,143.158.146.71
644,Elizabeth,Lee,eleehv@google.it,Female,8.180.170.239
645,Lillian,Hunt,lhunthw@hud.gov,Female,113.142.16.30
646,Arthur,Webb,awebbhx@vinaora.com,Male,234.241.114.226
647,Brandon,Weaver,bweaverhy@hibu.com,Male,100.151.182.85
648,Sarah,Harper,sharperhz@php.net,Female,116.172.49.138
649,Jose,Banks,jbanksi0@ca.gov,Male,0.164.216.51
650,Harold,Elliott,helliotti1@webmd.com,Male,1.50.240.16
651,Helen,Montgomery,hmontgomeryi2@unblog.fr,Female,130.38.203.32
652,Mildred,Dunn,mdunni3@phoca.cz,Female,128.42.6.182
653,Amy,Knight,aknighti4@list-manage.com,Female,208.99.131.220
654,Roy,Carter,rcarteri5@mozilla.com,Male,32.69.189.61
655,Donald,Mccoy,dmccoyi6@ted.com,Male,12.115.100.13
656,Donna,Rice,dricei7@merriam-webster.com,Female,105.54.32.33
657,Paula,Bailey,pbaileyi8@phoca.cz,Female,233.172.142.32
658,Charles,Boyd,cboydi9@theguardian.com,Male,45.105.138.3
659,Donald,Lynch,dlynchia@bloomberg.com,Male,93.217.35.66
660,Ronald,Ruiz,rruizib@cpanel.net,Male,247.159.106.181
661,Amy,Roberts,arobertsic@last.fm,Female,45.109.75.52
662,Gerald,Campbell,gcampbellid@harvard.edu,Male,21.2.175.160
663,Jane,Jackson,jjacksonie@istockphoto.com,Female,64.116.191.28
664,Amy,Watson,awatsonif@vistaprint.com,Female,246.125.250.255
665,Victor,Lewis,vlewisig@epa.gov,Male,26.218.217.31
666,Philip,Walker,pwalkerih@meetup.com,Male,53.159.33.77
667,Michelle,Carter,mcarterii@xing.com,Female,29.165.157.118
668,Ryan,Morgan,rmorganij@posterous.com,Male,21.144.211.122
669,Kathryn,Hicks,khicksik@hc360.com,Female,110.121.15.215
670,Katherine,Hanson,khansonil@omniture.com,Female,105.180.82.217
671,Doris,Alvarez,dalvarezim@cnn.com,Female,222.105.181.91
672,Fred,Jackson,fjacksonin@ihg.com,Male,24.198.198.24
673,Carlos,Duncan,cduncanio@g.co,Male,195.38.194.149
674,Julia,Snyder,jsnyderip@csmonitor.com,Female,192.124.119.9
675,Joyce,Webb,jwebbiq@freewebs.com,Female,30.151.194.60
676,Stephanie,Franklin,sfranklinir@rakuten.co.jp,Female,160.141.21.154
677,Louise,Russell,lrussellis@mit.edu,Female,69.175.97.144
678,Elizabeth,Washington,ewashingtonit@g.co,Female,191.161.202.163
679,Nicole,Ruiz,nruiziu@economist.com,Female,81.212.59.41
680,Brandon,Adams,badamsiv@jalbum.net,Male,251.39.193.210
681,Julie,Mason,jmasoniw@behance.net,Female,111.97.117.174
682,Sarah,Meyer,smeyerix@seattletimes.com,Female,202.80.62.177
683,Kimberly,Hernandez,khernandeziy@mlb.com,Female,174.75.132.11
684,Rose,Little,rlittleiz@cdc.gov,Female,244.219.73.211
685,Martin,Gonzales,mgonzalesj0@dell.com,Male,120.68.74.55
686,Eric,Bell,ebellj1@dot.gov,Male,20.90.43.110
687,Fred,Little,flittlej2@businessinsider.com,Male,209.94.130.194
688,Ryan,Fields,rfieldsj3@disqus.com,Male,189.232.105.175
689,Janet,Oliver,joliverj4@comsenz.com,Female,236.219.29.47
690,Stephen,Richardson,srichardsonj5@gov.uk,Male,79.60.204.176
691,Anne,Chavez,achavezj6@youku.com,Female,145.205.228.50
692,James,Cooper,jcooperj7@yellowpages.com,Male,86.89.37.217
693,Walter,Weaver,wweaverj8@goo.gl,Male,151.127.160.204
694,Jessica,Gilbert,jgilbertj9@topsy.com,Female,125.46.61.223
695,Christine,Stewart,cstewartja@cocolog-nifty.com,Female,111.107.127.63
696,Shirley,Berry,sberryjb@time.com,Female,159.165.67.129
697,Judy,Chapman,jchapmanjc@whitehouse.gov,Female,250.41.95.90
698,Amy,Taylor,ataylorjd@nymag.com,Female,209.227.105.194
699,Roy,Rose,rroseje@vkontakte.ru,Male,246.166.76.23
700,Donna,Elliott,delliottjf@last.fm,Female,5.71.114.76
701,Janet,Sanders,jsandersjg@cbc.ca,Female,142.198.8.128
702,Roy,Allen,rallenjh@ask.com,Male,230.97.138.231
703,Willie,Montgomery,wmontgomeryji@rakuten.co.jp,Male,62.91.188.183
704,Mark,Palmer,mpalmerjj@scientificamerican.com,Male,7.57.184.214
705,Beverly,Jones,bjonesjk@jimdo.com,Female,255.171.140.99
706,Antonio,Montgomery,amontgomeryjl@technorati.com,Male,222.169.215.26
707,Fred,Rodriguez,frodriguezjm@upenn.edu,Male,90.11.239.225
708,Karen,Burton,kburtonjn@studiopress.com,Female,41.43.40.235
709,Juan,Stanley,jstanleyjo@answers.com,Male,253.175.119.191
710,Diana,Ross,drossjp@yale.edu,Female,47.55.149.7
711,Helen,Nguyen,hnguyenjq@google.it,Female,225.103.191.40
712,Melissa,Ryan,mryanjr@nydailynews.com,Female,125.19.179.250
713,Norma,Burns,nburnsjs@howstuffworks.com,Female,248.34.225.247
714,Ruby,Bailey,rbaileyjt@huffingtonpost.com,Female,242.158.51.81
715,Phillip,Fuller,pfullerju@hibu.com,Male,42.252.32.114
716,Joan,Mitchell,jmitchelljv@berkeley.edu,Female,198.129.28.111
717,Diana,Moreno,dmorenojw@seesaa.net,Female,8.219.183.3
718,Bonnie,Mason,bmasonjx@goo.ne.jp,Female,160.195.111.131
719,Donald,Elliott,delliottjy@buzzfeed.com,Male,230.0.191.215
720,Dorothy,Myers,dmyersjz@go.com,Female,48.9.234.233
721,Sarah,Gomez,sgomezk0@addthis.com,Female,21.222.141.219
722,Ryan,Welch,rwelchk1@bandcamp.com,Male,154.153.17.181
723,Brenda,Gomez,bgomezk2@cocolog-nifty.com,Female,117.208.9.92
724,Brian,Clark,bclarkk3@1und1.de,Male,172.48.103.197
725,Norma,Chapman,nchapmank4@360.cn,Female,213.111.80.72
726,Ruby,Mason,rmasonk5@timesonline.co.uk,Female,147.140.18.61
727,Kathleen,Murphy,kmurphyk6@cnet.com,Female,183.42.120.224
728,Anna,Davis,adavisk7@imgur.com,Female,192.91.235.167
729,Tammy,Oliver,toliverk8@mayoclinic.com,Female,237.171.182.17
730,Anna,Hall,ahallk9@psu.edu,Female,98.112.10.93
731,Joseph,Arnold,jarnoldka@time.com,Male,191.61.95.248
732,Sharon,Davis,sdaviskb@newsvine.com,Female,0.249.152.9
733,Richard,Gomez,rgomezkc@webeden.co.uk,Male,254.148.17.181
734,Sharon,Johnston,sjohnstonkd@domainmarket.com,Female,124.87.228.98
735,Patricia,Burton,pburtonke@statcounter.com,Female,176.133.36.203
736,Phillip,Fuller,pfullerkf@examiner.com,Male,141.220.62.199
737,Tina,Murray,tmurraykg@ftc.gov,Female,132.92.1.27
738,Timothy,Hamilton,thamiltonkh@gov.uk,Male,135.181.99.152
739,Michael,Matthews,mmatthewski@gnu.org,Male,213.185.104.178
740,Phillip,Collins,pcollinskj@blogspot.com,Male,206.111.181.100
741,Teresa,Stone,tstonekk@ovh.net,Female,56.76.127.43
742,Phillip,Kelley,pkelleykl@livejournal.com,Male,28.197.185.44
743,Anne,Payne,apaynekm@admin.ch,Female,34.170.213.121
744,Frank,Brown,fbrownkn@whitehouse.gov,Male,134.167.84.121
745,Albert,Daniels,adanielsko@latimes.com,Male,174.109.164.139
746,Judy,Romero,jromerokp@issuu.com,Female,134.66.205.52
747,Ralph,Riley,rrileykq@omniture.com,Male,237.115.72.22
748,Frank,Perkins,fperkinskr@home.pl,Male,80.80.30.165
749,Joan,Berry,jberryks@ftc.gov,Female,68.26.188.229
750,Beverly,Lane,blanekt@shutterfly.com,Female,8.162.152.145
751,Bruce,Brooks,bbrooksku@wufoo.com,Male,204.143.78.8
752,Julia,Smith,jsmithkv@tinyurl.com,Female,74.178.169.61
753,Debra,Snyder,dsnyderkw@devhub.com,Female,76.81.181.214
754,Ronald,Montgomery,rmontgomerykx@google.es,Male,108.80.163.193
755,Ryan,Medina,rmedinaky@facebook.com,Male,72.20.151.44
756,Irene,Barnes,ibarneskz@unblog.fr,Female,222.107.208.108
757,George,James,gjamesl0@nhs.uk,Male,122.158.193.171
758,Sara,Nichols,snicholsl1@macromedia.com,Female,23.32.176.202
759,Thomas,Garcia,tgarcial2@census.gov,Male,207.135.201.29
760,Jonathan,Howell,jhowelll3@hugedomains.com,Male,208.132.3.195
761,Antonio,Evans,aevansl4@tiny.cc,Male,7.22.136.4
762,George,Banks,gbanksl5@apache.org,Male,115.85.178.73
763,Raymond,Miller,rmillerl6@google.ca,Male,92.206.2.211
764,Antonio,Sims,asimsl7@weibo.com,Male,54.242.30.206
765,Louis,Myers,lmyersl8@taobao.com,Male,82.13.120.77
766,William,Jackson,wjacksonl9@infoseek.co.jp,Male,192.217.11.167
767,Eugene,Kim,ekimla@yahoo.com,Male,96.95.54.221
768,Martha,Fuller,mfullerlb@smugmug.com,Female,96.252.248.110
769,Keith,Bell,kbelllc@rediff.com,Male,153.19.167.39
770,Patrick,Jordan,pjordanld@list-manage.com,Male,232.105.203.7
771,Brandon,Murray,bmurrayle@privacy.gov.au,Male,78.241.176.233
772,Mildred,Pierce,mpiercelf@printfriendly.com,Female,222.198.232.81
773,Brandon,Hayes,bhayeslg@blogtalkradio.com,Male,156.3.75.195
774,Ralph,Frazier,rfrazierlh@nymag.com,Male,83.244.53.31
775,Brandon,Foster,bfosterli@paginegialle.it,Male,95.46.48.149
776,Cynthia,Perkins,cperkinslj@xrea.com,Female,211.133.119.87
777,Norma,Gardner,ngardnerlk@nps.gov,Female,250.102.35.35
778,Dorothy,Reynolds,dreynoldsll@nhs.uk,Female,169.194.153.63
779,Timothy,Burton,tburtonlm@wp.com,Male,57.217.35.194
780,Alice,Campbell,acampbellln@unblog.fr,Female,21.47.241.227
781,Beverly,Cunningham,bcunninghamlo@behance.net,Female,194.85.24.205
782,Jason,Warren,jwarrenlp@ox.ac.uk,Male,152.25.54.169
783,William,Jordan,wjordanlq@1und1.de,Male,35.147.54.78
784,Patricia,Cooper,pcooperlr@pen.io,Female,132.108.153.15
785,Victor,Stanley,vstanleyls@cbslocal.com,Male,244.217.2.178
786,Carl,Lawson,clawsonlt@go.com,Male,139.23.64.98
787,Shirley,Frazier,sfrazierlu@google.es,Female,226.166.72.201
788,Antonio,Jenkins,ajenkinslv@army.mil,Male,11.87.104.127
789,Julia,Collins,jcollinslw@scientificamerican.com,Female,145.223.70.29
790,Kathy,Garza,kgarzalx@freewebs.com,Female,64.45.225.70
791,Eugene,Medina,emedinaly@bizjournals.com,Male,229.118.95.194
792,Stephanie,Bell,sbelllz@un.org,Female,190.68.238.81
793,Carlos,Lewis,clewism0@cafepress.com,Male,153.61.170.196
794,Justin,Porter,jporterm1@umich.edu,Male,177.20.104.38
795,Joyce,Weaver,jweaverm2@purevolume.com,Female,86.239.198.1
796,Christopher,Perkins,cperkinsm3@plala.or.jp,Male,144.74.207.64
797,Theresa,Vasquez,tvasquezm4@nps.gov,Female,46.125.250.177
798,Alan,Gonzales,agonzalesm5@admin.ch,Male,1.249.222.131
799,Wanda,Chapman,wchapmanm6@bing.com,Female,147.20.15.112
800,Victor,Carroll,vcarrollm7@scribd.com,Male,99.228.186.165
801,Michelle,Thomas,mthomasm8@sogou.com,Female,168.121.240.66
802,Kimberly,Washington,kwashingtonm9@xinhuanet.com,Female,9.103.191.241
803,Joan,Pierce,jpiercema@ameblo.jp,Female,223.87.15.28
804,Arthur,Thompson,athompsonmb@livejournal.com,Male,67.53.43.168
805,Irene,Harrison,iharrisonmc@yahoo.co.jp,Female,201.163.141.49
806,Lisa,Bowman,lbowmanmd@prweb.com,Female,23.243.129.88
807,Sara,Jordan,sjordanme@wikipedia.org,Female,24.138.180.181
808,Brandon,Richards,brichardsmf@bigcartel.com,Male,34.66.113.111
809,Betty,Woods,bwoodsmg@imgur.com,Female,241.172.167.35
810,Brandon,Cole,bcolemh@angelfire.com,Male,227.166.37.100
811,Earl,Armstrong,earmstrongmi@liveinternet.ru,Male,161.62.124.69
812,Joe,Dixon,jdixonmj@google.ca,Male,29.164.83.207
813,Catherine,Bryant,cbryantmk@amazon.co.jp,Female,195.126.90.237
814,Barbara,Thomas,bthomasml@miibeian.gov.cn,Female,94.59.161.173
815,Dorothy,Ruiz,druizmm@pen.io,Female,31.138.106.66
816,Tammy,Marshall,tmarshallmn@example.com,Female,194.162.18.105
817,Willie,Lopez,wlopezmo@phoca.cz,Male,104.134.119.96
818,Amy,Murphy,amurphymp@squidoo.com,Female,171.16.171.230
819,Bruce,Ramirez,bramirezmq@amazonaws.com,Male,160.10.3.90
820,Albert,Robinson,arobinsonmr@va.gov,Male,169.135.61.81
821,Steven,Ortiz,sortizms@cdbaby.com,Male,205.198.195.211
822,Joe,Adams,jadamsmt@intel.com,Male,49.29.5.41
823,Kathleen,Simmons,ksimmonsmu@unblog.fr,Female,242.148.252.109
824,Lois,Cruz,lcruzmv@pinterest.com,Female,66.181.133.98
825,Henry,Bennett,hbennettmw@foxnews.com,Male,100.144.164.249
826,Irene,Rose,irosemx@about.com,Female,19.16.38.151
827,Deborah,Payne,dpaynemy@fema.gov,Female,226.143.160.64
828,Ralph,Alvarez,ralvarezmz@usgs.gov,Male,246.151.50.238
829,Jason,Moore,jmooren0@ameblo.jp,Male,27.248.211.231
830,Andrea,Morrison,amorrisonn1@wordpress.com,Female,226.144.171.138
831,Emily,Spencer,espencern2@squidoo.com,Female,189.135.51.57
832,Alice,Gray,agrayn3@yahoo.co.jp,Female,83.15.161.171
833,Irene,Cruz,icruzn4@surveymonkey.com,Female,53.107.98.61
834,Evelyn,Anderson,eandersonn5@admin.ch,Female,92.199.241.43
835,George,White,gwhiten6@cyberchimps.com,Male,133.65.122.73
836,Ernest,Coleman,ecolemann7@lulu.com,Male,100.7.67.154
837,Barbara,Castillo,bcastillon8@cam.ac.uk,Female,16.213.152.20
838,Gary,Andrews,gandrewsn9@jiathis.com,Male,154.9.238.172
839,Gerald,Taylor,gtaylorna@vkontakte.ru,Male,27.186.248.15
840,Ruby,Morrison,rmorrisonnb@narod.ru,Female,55.158.22.71
841,Andrea,Clark,aclarknc@europa.eu,Female,8.124.95.242
842,Katherine,Griffin,kgriffinnd@jalbum.net,Female,127.171.236.178
843,Jose,Ruiz,jruizne@com.com,Male,228.207.123.127
844,Peter,Edwards,pedwardsnf@wunderground.com,Male,237.146.228.215
845,Joseph,Jordan,jjordanng@walmart.com,Male,88.153.96.240
846,Linda,Ryan,lryannh@histats.com,Female,65.173.136.133
847,Jean,Medina,jmedinani@stumbleupon.com,Female,249.143.218.207
848,Tina,Ross,trossnj@exblog.jp,Female,207.158.20.81
849,Pamela,Boyd,pboydnk@spotify.com,Female,100.225.121.21
850,Stephen,Burns,sburnsnl@dyndns.org,Male,14.101.166.171
851,Emily,Mccoy,emccoynm@dailymail.co.uk,Female,149.24.67.141
852,Kathleen,Smith,ksmithnn@ftc.gov,Female,252.73.64.225
853,Ann,White,awhiteno@google.de,Female,155.70.23.211
854,Mary,Griffin,mgriffinnp@privacy.gov.au,Female,44.131.2.98
855,Karen,Simpson,ksimpsonnq@quantcast.com,Female,51.160.177.33
856,Janice,Warren,jwarrennr@tamu.edu,Female,80.23.222.138
857,Gerald,Ellis,gellisns@yandex.ru,Male,181.134.26.171
858,John,Henderson,jhendersonnt@jigsy.com,Male,128.6.186.169
859,Jennifer,Hall,jhallnu@harvard.edu,Female,238.128.141.234
860,Albert,Howard,ahowardnv@sohu.com,Male,135.6.254.133
861,Larry,Larson,llarsonnw@bloglovin.com,Male,214.5.115.172
862,Rebecca,Castillo,rcastillonx@wunderground.com,Female,196.45.123.111
863,Billy,Andrews,bandrewsny@baidu.com,Male,62.11.191.195
864,Annie,Palmer,apalmernz@google.cn,Female,189.9.207.175
865,Chris,Roberts,crobertso0@google.fr,Male,27.185.255.129
866,Benjamin,Collins,bcollinso1@sphinn.com,Male,136.154.133.225
867,Dennis,Perez,dperezo2@canalblog.com,Male,164.7.54.128
868,Keith,Welch,kwelcho3@bloglovin.com,Male,52.202.147.208
869,Melissa,Carpenter,mcarpentero4@cbslocal.com,Female,83.34.175.130
870,Jean,Cox,jcoxo5@alibaba.com,Female,88.129.216.66
871,Cynthia,Fox,cfoxo6@paypal.com,Female,100.186.155.153
872,Matthew,Taylor,mtayloro7@ustream.tv,Male,31.183.214.78
873,Albert,Austin,aaustino8@usatoday.com,Male,60.119.100.235
874,Donna,Diaz,ddiazo9@unc.edu,Female,66.183.79.156
875,Anthony,Carpenter,acarpenteroa@vinaora.com,Male,192.33.149.129
876,Catherine,Peterson,cpetersonob@sun.com,Female,49.6.0.122
877,Joe,Phillips,jphillipsoc@cdc.gov,Male,235.104.229.242
878,Brenda,Sanchez,bsanchezod@youtube.com,Female,7.154.222.22
879,Jane,Lee,jleeoe@aboutads.info,Female,216.40.240.228
880,Paula,Miller,pmillerof@jiathis.com,Female,123.41.187.160
881,Helen,Johnson,hjohnsonog@cafepress.com,Female,19.92.178.10
882,Nancy,Bailey,nbaileyoh@google.it,Female,63.181.149.181
883,Jose,Banks,jbanksoi@spotify.com,Male,151.86.161.130
884,Julia,Baker,jbakeroj@wiley.com,Female,206.178.59.174
885,Theresa,Wheeler,twheelerok@themeforest.net,Female,102.72.138.180
886,Lawrence,Price,lpriceol@marriott.com,Male,72.210.48.149
887,Irene,Miller,imillerom@seattletimes.com,Female,147.212.165.212
888,Martin,Smith,msmithon@cloudflare.com,Male,169.6.231.11
889,Teresa,Howard,thowardoo@ted.com,Female,191.222.38.93
890,Julie,Henderson,jhendersonop@census.gov,Female,167.37.159.124
891,Steve,Snyder,ssnyderoq@hibu.com,Male,166.8.59.106
892,Steven,Richards,srichardsor@1688.com,Male,37.201.247.234
893,Gloria,Simmons,gsimmonsos@studiopress.com,Female,61.26.197.86
894,Kevin,Ramos,kramosot@mediafire.com,Male,57.38.253.123
895,Steve,Mccoy,smccoyou@indiatimes.com,Male,18.210.147.132
896,Alan,Hall,ahallov@cnbc.com,Male,30.15.78.230
897,Virginia,Andrews,vandrewsow@illinois.edu,Female,168.19.245.140
898,Lillian,Russell,lrussellox@a8.net,Female,78.219.59.63
899,Lawrence,Stephens,lstephensoy@bbb.org,Male,4.80.74.188
900,Jacqueline,Flores,jfloresoz@abc.net.au,Female,108.173.241.10
901,Anthony,Collins,acollinsp0@sakura.ne.jp,Male,112.190.92.112
902,Frank,Burton,fburtonp1@weather.com,Male,37.146.182.235
903,Laura,George,lgeorgep2@ebay.co.uk,Female,159.44.249.23
904,Christopher,Moore,cmoorep3@creativecommons.org,Male,56.7.0.254
905,Jean,Nguyen,jnguyenp4@va.gov,Female,182.141.27.59
906,Jane,Matthews,jmatthewsp5@purevolume.com,Female,16.163.232.198
907,Steven,Hamilton,shamiltonp6@shareasale.com,Male,213.110.153.69
908,James,Crawford,jcrawfordp7@example.com,Male,171.71.55.46
909,Richard,Simpson,rsimpsonp8@google.com.au,Male,7.246.159.209
910,Samuel,Franklin,sfranklinp9@mapy.cz,Male,196.154.168.90
911,Marie,Mills,mmillspa@ted.com,Female,39.16.169.185
912,Douglas,Reid,dreidpb@devhub.com,Male,149.158.5.106
913,Jimmy,Dean,jdeanpc@desdev.cn,Male,70.0.177.125
914,Carol,Lane,clanepd@businesswire.com,Female,110.72.128.90
915,George,Williamson,gwilliamsonpe@merriam-webster.com,Male,169.90.206.144
916,Paula,Robinson,probinsonpf@examiner.com,Female,233.32.112.180
917,Bonnie,Frazier,bfrazierpg@who.int,Female,255.179.159.242
918,Edward,Jackson,ejacksonph@smugmug.com,Male,218.196.91.48
919,Roger,Perry,rperrypi@liveinternet.ru,Male,124.85.183.132
920,Joseph,Marshall,jmarshallpj@un.org,Male,241.59.191.185
921,Rebecca,Stone,rstonepk@netlog.com,Female,142.95.248.204
922,Michelle,Fernandez,mfernandezpl@chronoengine.com,Female,81.196.53.188
923,Sarah,Thomas,sthomaspm@bing.com,Female,54.65.67.168
924,Roger,Matthews,rmatthewspn@nps.gov,Male,168.154.177.72
925,Ralph,Stevens,rstevenspo@cnn.com,Male,220.3.181.51
926,Kathryn,Frazier,kfrazierpp@nih.gov,Female,176.22.206.93
927,Donald,Stanley,dstanleypq@biblegateway.com,Male,19.73.119.162
928,Janet,Montgomery,jmontgomerypr@macromedia.com,Female,75.242.82.229
929,Barbara,Harrison,bharrisonps@wikimedia.org,Female,236.129.84.168
930,Rachel,Hudson,rhudsonpt@imageshack.us,Female,41.232.212.16
931,Rebecca,Carroll,rcarrollpu@elegantthemes.com,Female,131.44.104.117
932,Gloria,Rivera,griverapv@facebook.com,Female,14.123.186.248
933,William,Bryant,wbryantpw@histats.com,Male,234.234.130.139
934,Virginia,Morrison,vmorrisonpx@theatlantic.com,Female,11.163.182.68
935,Mildred,Riley,mrileypy@chicagotribune.com,Female,18.246.33.95
936,Louise,Long,llongpz@yandex.ru,Female,0.93.144.58
937,Jane,Myers,jmyersq0@freewebs.com,Female,77.207.50.147
938,Mildred,Little,mlittleq1@google.ca,Female,55.162.254.217
939,Jack,Griffin,jgriffinq2@archive.org,Male,34.206.168.23
940,Louise,Simmons,lsimmonsq3@si.edu,Female,41.190.196.148
941,Randy,Moore,rmooreq4@vimeo.com,Male,233.223.219.114
942,Albert,Butler,abutlerq5@tinypic.com,Male,163.206.62.227
943,Jack,Howard,jhowardq6@istockphoto.com,Male,42.61.77.55
944,Shirley,Reyes,sreyesq7@redcross.org,Female,173.21.145.83
945,Helen,Carr,hcarrq8@epa.gov,Female,117.121.178.128
946,Robin,Mitchell,rmitchellq9@networkadvertising.org,Female,205.95.3.125
947,Fred,Reynolds,freynoldsqa@cisco.com,Male,173.4.27.33
948,Donna,Stanley,dstanleyqb@umich.edu,Female,197.74.217.56
949,Kathleen,Roberts,krobertsqc@devhub.com,Female,133.112.97.65
950,Sandra,Armstrong,sarmstrongqd@mlb.com,Female,237.42.54.214
951,Earl,Romero,eromeroqe@360.cn,Male,137.228.165.192
952,Martin,West,mwestqf@yahoo.co.jp,Male,74.91.137.206
953,George,Martin,gmartinqg@apache.org,Male,0.36.63.50
954,Joe,Adams,jadamsqh@state.tx.us,Male,196.134.241.92
955,Denise,Fisher,dfisherqi@bravesites.com,Female,135.155.162.54
956,Clarence,Martinez,cmartinezqj@sphinn.com,Male,224.20.218.225
957,Chris,Ellis,cellisqk@usatoday.com,Male,98.92.22.76
958,Ruby,Daniels,rdanielsql@mediafire.com,Female,206.205.105.218
959,Shawn,Morales,smoralesqm@google.ca,Male,198.228.187.61
960,Phillip,Ramirez,pramirezqn@independent.co.uk,Male,249.231.89.88
961,Larry,Andrews,landrewsqo@weibo.com,Male,22.226.161.154
962,Joe,Wright,jwrightqp@usgs.gov,Male,112.58.49.218
963,Billy,Chapman,bchapmanqq@squarespace.com,Male,76.75.178.123
964,Martin,Sanchez,msanchezqr@archive.org,Male,55.89.156.107
965,Beverly,Stone,bstoneqs@indiatimes.com,Female,162.61.53.184
966,Wayne,Castillo,wcastilloqt@myspace.com,Male,179.14.117.16
967,Martha,Bryant,mbryantqu@miitbeian.gov.cn,Female,71.175.123.135
968,Matthew,Taylor,mtaylorqv@opera.com,Male,170.229.72.21
969,Phyllis,Collins,pcollinsqw@posterous.com,Female,230.167.110.34
970,Amy,Sanchez,asanchezqx@dailymotion.com,Female,199.234.193.48
971,Terry,Watkins,twatkinsqy@webs.com,Male,175.218.112.84
972,Maria,Wallace,mwallaceqz@wsj.com,Female,98.14.73.60
973,Ryan,Powell,rpowellr0@mozilla.org,Male,205.222.22.169
974,Wanda,Nelson,wnelsonr1@issuu.com,Female,30.235.11.224
975,Philip,Howell,phowellr2@elpais.com,Male,148.201.23.201
976,Christopher,Hernandez,chernandezr3@microsoft.com,Male,7.52.78.75
977,Rose,Willis,rwillisr4@blogtalkradio.com,Female,60.170.51.235
978,Benjamin,Carroll,bcarrollr5@1688.com,Male,167.11.8.125
979,Judy,Parker,jparkerr6@opensource.org,Female,183.124.74.118
980,Patricia,Mccoy,pmccoyr7@unblog.fr,Female,148.194.247.25
981,Randy,Watkins,rwatkinsr8@dailymail.co.uk,Male,135.45.162.11
982,Daniel,Dixon,ddixonr9@ted.com,Male,25.158.27.140
983,Lois,Bailey,lbaileyra@prweb.com,Female,107.109.112.114
984,Joseph,Lawson,jlawsonrb@blinklist.com,Male,84.243.95.216
985,Antonio,George,ageorgerc@un.org,Male,90.182.93.30
986,Maria,Nelson,mnelsonrd@nsw.gov.au,Female,234.14.17.59
987,Philip,Weaver,pweaverre@cnet.com,Male,34.41.190.253
988,Jonathan,Harvey,jharveyrf@goo.gl,Male,194.70.65.85
989,Charles,Nguyen,cnguyenrg@miibeian.gov.cn,Male,98.84.94.188
990,Margaret,Johnston,mjohnstonrh@webeden.co.uk,Female,123.121.125.186
991,Harry,Lawrence,hlawrenceri@pcworld.com,Male,218.174.111.205
992,Theresa,Cook,tcookrj@wikimedia.org,Female,86.165.150.108
993,John,Hayes,jhayesrk@archive.org,Male,112.58.131.22
994,Frank,Ferguson,ffergusonrl@infoseek.co.jp,Male,14.44.124.57
995,Tina,Hayes,thayesrm@elegantthemes.com,Female,87.117.20.192
996,Marie,Reyes,mreyesrn@fema.gov,Female,36.60.194.40
997,Tammy,Butler,tbutlerro@istockphoto.com,Female,145.30.84.220
998,Anthony,Andrews,aandrewsrp@paypal.com,Male,224.0.59.120
999,Nicole,Crawford,ncrawfordrq@dmoz.org,Female,3.222.80.170
1000,Melissa,Clark,mclarkrr@qq.com,Female,201.231.119.14
